,Address,Year,Flats,Entrance,Height,Square,Latitude,Longitude
0,"малый николопесковский пер., 4",1998,29,1,7,5182.0,55.750494,37.592761
1,"ул. авангардная, 15",1967,111,1,14,5469.0,55.848993,37.488359
2,"ул. корнейчука, 36",1977,96,1,14,4089.0,55.897761,37.626367
3,"карамышевская, 26 корпус 1",1962,68,1,9,2471.7,55.769595,37.477777
4,"ул. мартеновская, 8 корпус 4",1959,60,3,5,2408.8,55.757551,37.803775
5,"ул. седова, 17 корпус 1",1968,144,4,9,6124.7,55.852177,37.635916
6,"ул. дыбенко, 10 корпус 1",2003,112,2,14,6851.3,55.869678,37.487263
7,"ул. 4-я тверская-ямская, 12 строение 2",1913,19,1,5,1343.0,55.773424,37.596758
8,"ул. дмитрия ульянова, 32",1957,63,4,5,4635.4,55.684559,37.581343
9,"ул. 1-я ямская, 3/7",1959,87,6,5,4758.0,55.794361,37.609344
10,"ул. 13-я парковая, 42",2004,220,4,14,12319.0,55.809616,37.812767
11,"ул. смоленская, 10",1960,332,10,9,17500.42,55.746289,37.576708
12,"ул. лобненская, 4",1971,128,4,9,5922.0,55.890482,37.539239
13,"ул. вавилова, 18",1960,60,3,5,2529.1,55.703936,37.582008
14,"ш. дмитровское, 107 корпус 3",2020,719,9,24,44531.8,55.880945,37.54118
15,"ул. 7-я парковая, 5 корпус 1",1974,75,1,14,4130.9,55.795266,37.792052
16,"п. внуковское, андрея тарковского б-р, 9",2018,705,13,12,38286.0,55.625211,37.345491
17,"ул. зарайская, 58 корпус 1",1951,12,2,2,563.8,55.727557,37.775326
18,"ул. кастанаевская, 62",1980,105,1,16,4994.3,55.732489,37.4599
19,"крапивенский пер., 4",1888,19,5,3,2060.4,55.766694,37.617689
20,"ул. планерная, 18 корпус 1",1970,287,6,12,13629.4,55.866682,37.440326
21,"ул. ангарская, 67 корпус 3",2007,364,7,14,17747.0,55.885524,37.524615
22,"ул. анатолия живова, 10",1929,49,6,5,3831.2,55.760125,37.55187
23,"ул. лукинская, 16",2006,320,5,17,20597.0,55.645812,37.339409
24,"ш. старокаширское, 4 корпус 11",1961,88,7,5,4952.7,55.660292,37.6319
25,"ул. туристская, 24 корпус 2",1969,288,8,9,13978.7,55.860489,37.424246
26,"ул. генерала белова, 17",2000,166,2,22,11103.0,55.620784,37.717941
27,"ул. кировоградская, 10 корпус 2",1969,283,8,9,12650.6,55.62607,37.608239
28,"фурманный пер., 20",1909,21,1,6,1138.3,55.765007,37.652175
29,"ул. 1-я мелитопольская, 8а",1962,32,2,4,1457.0,55.540073,37.580175
30,"ул. генерала белобородова, 37",2003,144,5,9,9670.0,55.830068,37.356351
31,"ул. островитянова, 25 корпус 1",1998,127,2,12,7006.0,55.636499,37.514598
32,"ул. байкальская, 39",1969,81,1,12,3525.4,55.817906,37.815292
33,"ул. веерная, 10",1966,120,6,5,5125.0,55.710519,37.48773
34,"ул. академика павлова, 21 корпус 2",1972,320,4,9,7197.4,55.747743,37.403863
35,"ул. академика янгеля, 1",2011,136,2,18,8055.0,55.594906,37.596956
36,"2-й раушский пер., 3",1870,22,2,4,1233.6,55.746755,37.634685
37,"старопетровский проезд, 12 корпус 4",2008,172,3,16,12069.0,55.825042,37.510565
38,"ул. васильцовский стан, 5 корпус 2",2005,256,4,17,16458.0,55.714151,37.749211
39,"ул. чертановская, 51 корпус 2",1971,144,4,9,7063.9,55.603003,37.592105
40,"ул. столетова, 8",2007,355,5,18,18802.0,55.705067,37.504879
41,"плетешковский пер., 18-20 корпус 2",1966,84,1,12,3636.6,55.769474,37.674633
42,"ул. воротынская, 12 корпус 1",2001,748,1,12,3734.0,55.890224,37.395284
43,"ул. черкизовская б., 32 корпус 2",1966,84,1,12,2280.9,55.799487,37.74454
44,"спартаковский пер., 26 строение 2",1914,63,3,6,3482.1,55.775454,37.680275
45,"ул. амундсена, 6 строение 2",1971,98,1,14,4178.0,55.851379,37.658482
46,"ул. волынская, 3",1998,431,5,22,26192.0,55.645141,37.4167
47,"ул. изумрудная, 22",1961,60,4,4,2435.0,55.871627,37.684335
48,"печатников пер., 10",1917,19,2,3,1180.7,55.767241,37.626232
49,"ул. петрозаводская, 28 корпус 1",2004,125,3,16,12867.5,55.868041,37.49109
50,"ул. 1-я владимирская, 11",1985,111,1,16,5514.9,55.759841,37.776673
51,"ул. красного маяка, 26 корпус 3",2009,2,2,1,438.0,55.606853,37.57828
52,"п. внуковское, ул. летчика грицевца, 4 корпус 1",2012,192,3,17,9332.9,55.622573,37.303162
53,"орлово-давыдовский пер., 2/5 корпус 1",1928,108,8,6,5446.0,55.783397,37.639042
54,"спиридоньевский пер., 8",1938,18,2,6,1563.0,55.762196,37.594683
55,"куркинское, 34",2003,15,1,5,1628.0,55.885615,37.401456
56,"ул. крылатские холмы, 35 корпус 3",1984,135,2,17,7342.0,55.759076,37.417284
57,"ул. верхняя хохловка, 17",1961,60,3,5,2472.0,55.733411,37.718193
58,"магистральный пер., 7 корпус 1",1958,20,2,5,1735.1,55.773378,37.525082
59,"новикова-прибоя, 6 корпус 2",1963,80,4,5,3614.6,55.782461,37.449111
60,"ш. ленинградское, 31",1973,160,2,17,9609.5,55.830569,37.485412
61,"очаковское, 2 корпус 3",1968,82,1,12,3783.4,55.698914,37.458598
62,"ул. 1-я новокузьминская, 15/5",1956,52,3,5,3575.0,55.715134,37.78942
63,"ул. 3-я филевская, 8 корпус 4",2007,152,1,20,7866.0,55.739184,37.500351
64,"ул. 1-я хуторская, 8 корпус 3",1960,94,2,5,2892.0,55.80317,37.572908
65,"пр-кт севастопольский, 28 корпус 3",2008,130,2,23,14669.2,55.663913,37.576178
66,"ул. дурова, 13/1",1938,24,2,7,1645.1,55.780411,37.620016
67,"ул. 1905 года, 9 строение 1",1961,64,1,9,2299.0,55.763857,37.560134
68,"ул. исаковского, 10 корпус 1",1979,141,4,9,6943.4,55.815094,37.406271
69,"ш. открытое, 2 корпус 10",1960,59,4,5,3207.9,55.805022,37.728595
70,"ул. менжинского, 28 корпус 1",1960,30,2,4,1296.0,55.869127,37.670142
71,"ул. лескова, 9б",1983,111,1,16,5283.0,55.899658,37.597513
72,"хвалынский б-р, 4 корпус 2",1992,223,4,14,14216.7,55.699228,37.850326
73,"пр-кт солнцевский, 7",1982,128,2,16,8160.0,55.64889,37.400297
74,"ул. братеевская, 16 корпус 6",1997,406,8,16,24632.4,55.631966,37.768175
75,"ул. старая басманная, 22 корпус а строение 3",1935,47,4,5,3035.9,55.767008,37.666872
76,"ул. профсоюзная, 136 корпус 2",1972,431,12,9,21465.9,55.628988,37.511158
77,"маршала рокоссовского б-р, 33/12",1967,128,4,9,5452.5,55.81652,37.714528
78,"петровско-разумовский проезд, 17а",1973,94,1,14,4101.0,55.798232,37.567446
79,"пр-кт нахимовский, 15 корпус 1",1962,60,3,5,2571.7,55.663918,37.602804
80,"ш. волоколамское, 43 строение 1",1974,112,1,17,5763.6,55.813936,37.469521
81,"ул. авиаторов, 5 корпус 3",2014,192,3,17,9854.5,55.639664,37.397907
82,"ул. ягодная, 8 корпус 1",2011,560,7,24,33622.9,55.576793,37.673403
83,"ш. можайское, 21 корпус 2",1960,53,3,4,2270.0,55.719262,37.427884
84,"ул. новаторов, 4 корпус 4",2011,395,5,22,21277.0,55.666858,37.518812
85,"ул. орджоникидзе, 9 корпус 1",1936,72,9,5,5459.0,55.709962,37.598483
86,"ул. дмитриевского, 11",2006,296,6,14,16497.8,55.709145,37.891397
87,"ул. нижегородская, 18",1961,60,3,5,2484.0,55.737345,37.684299
88,"ул. корнейчука, 51",1982,127,1,16,5810.0,55.892784,37.627481
89,"ул. 2-я институтская, 7",1958,24,2,4,1291.0,55.721082,37.779853
90,"ул. керченская, 22",1964,60,3,5,2563.6,55.651298,37.578675
91,"сиреневый б-р, 52",1967,143,4,9,7164.0,55.80275,37.821499
92,"ул. ботаническая, 19б",1975,112,1,14,4205.0,55.82841,37.599777
93,"ул. юных ленинцев, 67 корпус 1",1962,80,4,5,3540.0,55.700583,37.766181
94,"ш. коровинское, 3 корпус 2",2008,192,4,14,10656.5,55.865232,37.54082
95,"ул. маршала тимошенко, 38",1975,191,4,12,9658.0,55.748812,37.401465
96,"ул. малая филевская, 8 корпус 2",1960,60,3,5,2451.9,55.73959,37.476636
97,"ул. оренбургская, 24 корпус 1",1966,80,4,5,3551.5,55.711797,37.864429
98,"ул. дербеневская, 18",1900,54,5,5,3337.8,55.722274,37.64745
99,"пр-кт маршала жукова, 17 корпус 2",1960,49,4,5,2728.2,55.774902,37.492212
100,"ул. таганрогская, 11 корпус 3",1963,80,4,5,3362.9,55.678727,37.756245
101,"ул. академика капицы, 30 корпус 2",1986,263,4,17,14412.0,55.627753,37.520743
102,"пр-кт рязанский, 21",1967,60,3,5,2491.0,55.730573,37.744585
103,"банный пер., 8",1957,45,3,5,3092.2,55.785068,37.639626
104,"гончарный проезд, 6 строение 1а",1964,65,2,10,2755.0,55.738982,37.649094
105,"беговая аллея, 5 корпус 2",1983,58,1,12,3182.0,55.782066,37.564239
106,"ул. херсонская, 25",1965,84,1,12,3679.9,55.653065,37.561392
107,"ул. красных зорь, 37",1965,251,7,9,12535.0,55.725432,37.432654
108,"ул. малая ботаническая, 12",1958,36,3,4,1943.0,55.832429,37.587991
109,"ул. петрозаводская, 3 корпус 2",1986,55,1,14,3377.6,55.864505,37.499668
110,"вокзальный пер., 8 корпус 2",1975,98,1,14,4234.0,55.817234,37.514904
111,"ш. измайловское, 57",1957,144,4,11,10593.7,55.781205,37.739995
112,"окружной проезд, 34 корпус 4",1966,72,1,9,2585.0,55.768061,37.74437
113,"ул. теплый стан, 25 корпус 6",1981,168,3,12,9330.9,55.627875,37.47686
114,"ул. фестивальная, 24",1967,215,6,9,10615.9,55.860069,37.500567
115,"ул. островитянова, 43 корпус 1",1990,125,2,16,6393.0,55.632774,37.537973
116,"ул. ефремова, 21",1957,50,5,5,4425.0,55.721458,37.568084
117,"ул. маршала захарова, 8 корпус 3",1984,170,2,22,9714.8,55.624916,37.701736
118,"ул. веерная, 18а",1970,98,1,14,4259.0,55.708572,37.486364
119,"ул. верхняя хохловка, 39/47",1957,134,5,9,10716.0,55.733325,37.721714
120,"ул. палехская, 124 корпус 1",1958,36,3,4,1977.0,55.876385,37.711608
121,"ул. бронная м., 20 строение 2",1914,10,1,6,981.0,55.762439,37.596372
122,"ул. нижняя первомайская, 2",2007,52,1,14,3561.6,55.790752,37.791863
123,"ул. верхние поля, 16 корпус 1",2001,144,1,25,10291.0,55.66275,37.7471
124,"ул. профсоюзная, 68 корпус 2",2018,176,1,24,12742.8,55.664091,37.546264
125,"пр-кт андропова, 46 корпус 2",1963,158,5,8,7001.6,55.670371,37.659263
126,"ул. россошанская, 4 корпус 1",2009,384,6,17,21790.6,55.593176,37.611104
127,"ул. симоновский вал, 11/31",1962,144,1,9,5100.2,55.724728,37.664518
128,"ул. нагорная, 25 корпус 3",1965,60,3,5,2467.0,55.67559,37.600576
129,"ул. марии поливановой, 13",1962,60,3,5,2678.0,55.678057,37.454411
130,"чечерский проезд, 90",1997,64,2,8,4090.6,55.531346,37.52103
131,"ул. академика комарова, 14",1959,60,4,5,3318.0,55.830336,37.589195
132,"ул. 9-я соколиной горы, 17",1970,80,1,12,3491.0,55.77316,37.736006
133,"ул. менжинского, 9",1960,48,3,5,2024.9,55.867713,37.673879
134,"ул. кастанаевская, 45 корпус 2",2010,225,3,20,13620.0,55.731414,37.464329
135,"ш. загородное, 9 корпус 3",2000,123,1,24,8715.0,55.693794,37.608221
136,"ул. профсоюзная, 96",2006,173,4,17,21920.7,55.647468,37.527822
137,"волжский б-р, 21",1962,80,4,5,3500.0,55.705894,37.749876
138,"ул. старобитцевская, 23 корпус 4",1992,190,4,14,4674.0,55.577856,37.572001
139,"ул. академика зелинского, 6",1997,87,2,19,12025.2,55.70492,37.572306
140,"строгинский б-р, 12",1984,105,1,22,6143.6,55.804066,37.398078
141,"шебашевский проезд, 8 корпус 1",1952,60,4,5,3001.0,55.807081,37.532205
142,"пр-кт волгоградский, 99 корпус 2",1963,60,3,5,2577.4,55.708136,37.753281
143,"ул. лефортовский вал, 16а",1957,109,5,7,7607.0,55.759567,37.70125
144,"пр-кт нахимовский, 9 корпус 2",1976,112,1,14,5421.5,55.662999,37.608553
145,"подъемный пер., 1",1971,160,5,9,6913.0,55.737137,37.709901
146,"пр-кт мира, 99",1959,286,8,10,19937.0,55.810688,37.63676
147,"ул. старая басманная, 5 строение 1",1908,7,2,4,823.9,55.764511,37.656937
148,"ул. академика виноградова, 4 корпус 3",1975,96,1,14,4226.4,55.631925,37.486086
149,"ул. базовская, 15 корпус 2",2014,192,2,17,10472.0,55.877849,37.505876
150,"ореховый б-р, 35 корпус 1",1975,286,6,12,16366.7,55.614983,37.735449
151,"ферганский проезд, 15/189",1977,111,1,16,3270.0,55.693556,37.818301
152,"пр-кт пролетарский, 3",2002,431,5,22,26083.7,55.64665,37.657637
153,"генерала карбышева б-р, 4",1959,72,4,6,3057.6,55.777798,37.470644
154,"сиреневый б-р, 16 корпус 2",1959,80,4,5,3449.5,55.801809,37.786159
155,"ул. первомайская, 77",1963,51,3,5,2066.9,55.793728,37.800712
156,"ул. 8-я соколиной горы, 8 корпус 2",2007,508,8,22,34147.4,55.766846,37.735404
157,"пр-кт университетский, 21 корпус 1",1959,145,5,8,8401.0,55.714151,37.521066
158,"ул. народного ополчения, 48 корпус 2",1951,36,3,5,1086.0,55.79351,37.496632
159,"ул. подвойского, 24",1961,40,2,5,1608.0,55.764921,37.538458
160,"ул. байкальская, 18 корпус 3",2004,128,2,18,8888.1,55.815767,37.795565
161,"заревый проезд, 15",2017,72,1,9,3664.1,55.886579,37.65461
162,"ул. руставели, 9а корпус 1",1956,46,2,5,2655.0,55.813895,37.590515
163,"ул. большая черемушкинская, 15 корпус 2",1959,45,3,5,2346.0,55.684879,37.592725
164,"ул. краснодонская, 5 строение 1",1965,80,4,5,3398.4,55.68464,37.751879
165,"ул. ялтинская, 2",2003,388,6,17,21810.6,55.651364,37.610619
166,"большой сухаревский пер., 14",1968,84,1,12,3761.5,55.770385,37.628163
167,"ул. госпитальный вал, 5 строение 8",2007,179,3,14,9641.8,55.774887,37.707781
168,"ул. клязьминская, 11 корпус 1",2004,109,1,22,6765.0,55.88773,37.524094
169,"ул. клязьминская, 10 корпус 1",1967,287,8,9,14258.0,55.885736,37.523007
170,"ул. чечулина, 4",1975,286,8,9,13994.3,55.779023,37.822505
171,"пр-кт зеленый, 6 корпус 3",1986,92,2,12,4207.0,55.747556,37.774319
172,"ул. академика глушко, 12",1997,43,3,4,3481.4,55.565468,37.565389
173,"ул. шепелюгинская, 14",1956,16,1,4,986.0,55.745747,37.70249
174,"ул. марьинский парк, 7 корпус 1",2002,82,4,7,3411.7,55.656885,37.777176
175,"ул. народного ополчения, 21 корпус 1",1972,320,10,9,15023.5,55.77753,37.477282
176,"ул. коненкова, 6а",1974,283,8,9,13863.0,55.888957,37.609541
177,"ул. лазо, 4 корпус 1",1958,44,3,5,2994.5,55.744723,37.773457
178,"ш. ленинградское, 38 корпус 1",1958,33,3,4,1865.9,55.83114,37.489257
179,"ул. южнобутовская, 117",1996,228,5,12,13006.0,55.532197,37.519485
180,"ул. саранская, 4/24",1995,256,6,12,14190.0,55.691739,37.855509
181,"ул. липецкая, 15 корпус 1",1983,308,7,12,14914.9,55.581581,37.687228
182,"ш. варшавское, 62 корпус 2",1958,60,3,5,3277.0,55.661308,37.618039
183,"ул. маршала василевского, 5 корпус 2",1971,216,6,9,10577.4,55.803266,37.470734
184,"ул. фруктовая, 3 корпус а",1978,207,2,16,10544.8,55.659297,37.616548
185,"пр-кт волгоградский, 120 корпус 2",1960,80,4,5,3485.9,55.701932,37.780742
186,"ул. расковой, 23а",1930,83,6,7,6198.0,55.789932,37.575064
187,"ул. плющиха, 42",1970,311,14,9,16246.0,55.741019,37.576358
188,"ул. новочеремушкинская, 62 корпус 1",1980,139,4,14,14885.0,55.664842,37.560772
189,"ул. отрадная, 9",1982,190,4,12,10914.0,55.857771,37.611491
190,"ул. фонвизина, 12а",1960,60,4,5,3256.0,55.819585,37.587775
191,"ш. энтузиастов, 82/2 корпус 2",1961,68,1,9,2455.8,55.764769,37.789492
192,"скатертный пер., 15",1912,12,2,5,1931.6,55.75593,37.594153
193,"ул. антонова-овсеенко, 3",1960,30,2,5,1654.0,55.752911,37.539293
194,"ул. плещеева, 8",1981,463,10,12,20941.0,55.884898,37.608544
195,"воротниковский пер., 7 строение 3",1932,19,5,2,1191.0,55.769838,37.600145
196,"ул. поречная, 27 корпус 2",1999,120,5,9,7055.0,55.652481,37.771023
197,"ул. люблинская, 128",1991,128,2,17,7094.7,55.644958,37.743426
198,"ул. земляной вал, 48а",1936,72,5,9,6332.0,55.752288,37.655373
199,"1-й неопалимовский пер., 16/13",1925,12,1,6,1480.0,55.741287,37.578334
200,"пр-кт федеративный, 3",1955,53,3,5,3582.6,55.75748,37.797999
201,"ул. седова, 13 корпус 2",1975,98,1,14,2675.3,55.851101,37.637928
202,"ул. новоалексеевская, 11",1974,98,1,14,4229.7,55.809297,37.644279
203,"ул. маршала голованова, 2",1981,191,3,16,10535.0,55.650846,37.726197
204,"ул. беловежская, 13",2010,312,6,14,14387.0,55.712832,37.398123
205,"1-й институтский проезд, 14",1968,80,1,12,3448.0,55.723465,37.784003
206,"ул. нагорная, 31 корпус 3",1971,98,1,14,4237.0,55.673494,37.599238
207,"ул. веерная, 7 корпус 2",1971,188,2,16,9294.0,55.708668,37.474264
208,"ул. генерала глаголева, 2",1960,79,4,5,3484.1,55.778659,37.460969
209,"ул. веерная, 1 корпус 4",1995,208,5,14,13876.73,55.705858,37.48075
210,"ул. мясницкая, 41 строение 6",1916,34,2,5,1080.1,55.768172,37.641575
211,"матроса железняка б-р, 7/20",1966,1,1,12,3490.5,55.827439,37.524588
212,"ул. воронежская, 24",1985,111,1,16,3264.0,55.610285,37.736303
213,"ул. домодедовская, 23 корпус 1",1975,128,2,16,4936.0,55.605602,37.714007
214,"анадырский проезд, 63",1970,355,10,9,16514.0,55.88044,37.707916
215,"ул. академика павлова, 6",1965,243,6,5,5189.6,55.740107,37.395644
216,"ул. амундсена, 3 корпус 1",1955,46,5,4,1464.0,55.850626,37.65779
217,"ул. винокурова, 7/5 корпус 3",1960,80,4,5,3448.5,55.688974,37.587587
218,"ул. покровка, 44",1910,32,2,5,2490.7,55.762865,37.654071
219,"пр-кт зеленый, 105",1960,80,4,5,3264.0,55.750454,37.829602
220,"ул. беломорская, 12",1963,84,1,12,3623.6,55.862454,37.469898
221,"ул. бехтерева, 49 корпус 2",1969,98,1,14,4265.9,55.615914,37.648942
222,"ул. кравченко, 11",1999,203,3,17,11452.0,55.677722,37.513925
223,"ул. маршала вершинина, 3 корпус 2",1972,108,3,9,4542.2,55.791086,37.486778
224,"маршала рокоссовского б-р, 25",1963,80,4,5,3379.6,55.814436,37.718579
225,"ул. мясницкая, 24/7 строение 1",1906,30,12,5,6002.5,55.762444,37.635593
226,"ул. семеновский вал, 10 корпус 4",1960,40,2,5,1584.6,55.777302,37.713288
227,"ул. бехтерева, 43 корпус 1",1971,83,1,12,3599.1,55.617129,37.645672
228,"1-й вражский пер., 4",1976,189,7,10,10012.0,55.739838,37.57448
229,"химкинский б-р, 17",1966,68,1,9,2405.0,55.849837,37.446273
230,"ул. бронная м., 44",2002,28,1,12,5556.7,55.765412,37.591773
231,"булатниковский проезд, 6 корпус 3",1982,108,1,16,5174.1,55.594413,37.649912
232,"ул. арбат, 40",1909,8,1,5,1264.4,55.748802,37.587533
233,"ул. металлургов, 12 корпус 3",1965,80,4,5,3519.8,55.756103,37.783895
234,"3-й михалковский пер., 14 корпус 1",1959,60,4,5,3222.5,55.836044,37.528549
235,"ул. корнейчука, 30",1977,98,1,14,4243.0,55.899305,37.619333
236,"ул. грекова, 5",2002,356,6,17,20347.0,55.889376,37.66044
237,"ул. милашенкова, 3 корпус 2",2016,247,3,19,13911.0,55.822124,37.584928
238,"ул. партизанская, 31",1960,86,2,5,2280.4,55.737451,37.409837
239,"ул. молодежная, 5",1957,199,8,7,13359.3,55.693764,37.543506
240,"ул. 2-я владимирская, 8 корпус 1",1952,35,2,6,3891.8,55.761122,37.777535
241,"ул. окская, 3 корпус 2",2006,264,3,23,19877.0,55.713927,37.754709
242,"ул. судостроительная, 8 корпус 1",1966,179,5,9,8854.8,55.679148,37.669755
243,"ул. садовая-кудринская, 32 строение 2",1912,15,1,7,1431.0,55.765017,37.590219
244,"ул. суздальская, 16 корпус 2",1992,78,2,14,5394.0,55.7407,37.84799
245,"ул. 3-я курьяновская, 27",1951,4,1,2,233.7,55.65402,37.698798
246,"пр-кт волгоградский, 195 корпус 2",1979,111,1,16,3303.0,55.692643,37.821867
247,"ул. базовская, 22",1960,80,4,5,3485.0,55.88049,37.515398
248,"ул. армавирская, 6",1961,67,6,5,4525.3,55.674428,37.753254
249,"ул. сухонская, 5",1981,111,1,16,5240.0,55.875021,37.652409
250,"ул. куусинена, 19 корпус 2",1955,99,3,9,7283.4,55.786845,37.512029
251,"ул. михайлова, 19",1960,39,2,5,1518.5,55.727648,37.767384
252,"ул. новокосинская, 13 корпус 3",1998,256,4,17,16490.5,55.73704,37.852563
253,"ул. никулинская, 19",1993,252,3,22,16036.0,55.666462,37.451285
254,"ул. абрамцевская, 9 корпус 1",1985,528,13,12,30979.0,55.904074,37.572279
255,"ш. открытое, 6 корпус 4",1962,80,4,5,3494.0,55.810658,37.733195
256,"ул. белозерская, 9а",1976,284,6,12,14490.0,55.898775,37.614078
257,"ул. южнобутовская, 38",2001,89,2,9,5147.7,55.540832,37.53658
258,"ул. кетчерская, 8 корпус 1",1971,144,4,9,7290.6,55.743416,37.822343
259,"ул. шарикоподшипниковская, 7 корпус 2",1959,46,3,5,2442.6,55.721929,37.670079
260,"ул. профсоюзная, 98 корпус 9",1969,143,3,12,7058.0,55.648291,37.520518
261,"ул. малая грузинская, 28",1975,174,3,14,11906.0,55.766886,37.573312
262,"новочеркасский б-р, 47",1990,383,6,17,6154.0,55.644623,37.713593
263,"ул. лонгиновская, 4 корпус 2",1962,80,4,5,3445.0,55.766734,37.711392
264,"ул. юных ленинцев, 18 корпус 1",1958,56,4,5,4075.0,55.699796,37.744774
265,"ш. варшавское, 145 корпус 5",1971,84,1,12,3653.4,55.579688,37.601034
266,"ул. госпитальный вал, 3 корпус 2",1969,166,2,12,7256.0,55.771818,37.705185
267,"ул. маршала рыбалко, 4 корпус 1",1967,2,2,5,5880.2,55.798181,37.493497
268,"ул. марксистская, 1 корпус 1",1984,300,3,16,15552.0,55.740289,37.658796
269,"погонный проезд, 5 корпус 1",1988,40,1,9,2017.0,55.819236,37.705203
270,"ул. ставропольская, 9а",1960,80,4,5,3219.2,55.681331,37.74375
271,"ул. малая ботаническая, 16",1958,45,3,5,2444.0,55.832257,37.586383
272,"тверской б-р, 3",1986,50,4,6,5263.0,55.758357,37.598052
273,"ул. костякова, 11",1962,80,4,5,3540.2,55.813551,37.570222
274,"пр-кт вернадского, 75",1962,158,8,5,7033.0,55.671407,37.506891
275,"ул. ферганская, 14/13",1968,80,1,12,3486.0,55.707278,37.809965
276,"ул. старобитцевская, 17 корпус 3",1992,174,2,22,10025.0,55.575887,37.581532
277,"ул. воронцовские пруды, 3",2004,294,27,31,52241.0,55.664096,37.536517
278,"новикова-прибоя, 3 корпус 2",1991,72,3,7,4058.8,55.783311,37.447899
279,"генерала карбышева б-р, 5 корпус 7",1959,80,4,5,3491.0,55.779474,37.464356
280,"ул. скульптора мухиной, 7",1989,329,6,14,18854.0,55.639344,37.342948
281,"ул. адмирала лазарева, 58",2000,312,6,14,17191.0,55.541428,37.512074
282,"ул. сокольническая слободка, 14/18",1956,66,3,7,1382.1,55.7889,37.675945
283,"пр-кт комсомольский, 5/2",1954,104,5,8,8326.0,55.731916,37.593156
284,"ул. студенческая, 22 корпус 2",1928,36,4,5,2726.0,55.742625,37.548195
285,"ул. ивана франко, 26 корпус 1",1961,220,3,5,3003.0,55.728114,37.428648
286,"ул. большая очаковская, 42 корпус 1",2006,110,3,12,9455.7,55.676834,37.444826
287,"ул. ботаническая, 33 корпус 8",1984,127,1,16,5816.0,55.840214,37.584946
288,"ул. недорубова, 32",2021,231,2,22,10112.7,55.707918,37.93333
289,"ул. академика пилюгина, 12 корпус 1",1982,490,7,18,31487.0,55.668655,37.537523
290,"ул. василисы кожиной, 14 корпус 6",1998,176,4,12,9723.0,55.735971,37.497171
291,"береговой, 7",2008,240,4,16,13466.4,55.754942,37.505121
292,"ш. аминьевское, 26",1971,60,3,5,2474.8,55.716884,37.452803
293,"ул. волочаевская, 14 корпус 3",1982,111,1,16,5273.0,55.756118,37.679655
294,"новодевичий проезд, 10",1961,53,4,8,4796.0,55.729878,37.557529
295,"ул. генерала глаголева, 13 корпус 1",1962,80,4,5,3528.1,55.782486,37.461751
296,"ул. цимлянская, 3 корпус 1",2019,1101,16,17,45349.8,55.670849,37.775442
297,"ул. 8-я соколиной горы, 8",1969,84,1,12,3711.0,55.767529,37.736042
298,"пр-кт волгоградский, 150 корпус 2",1961,80,4,5,3506.6,55.700715,37.790076
299,"ул. большая академическая, 35а",1959,60,3,5,2452.6,55.831833,37.530535
300,"ул. уссурийская, 1 корпус 5",1975,105,1,16,4989.9,55.823864,37.810764
301,"ул. василисы кожиной, 16 корпус 3",1975,108,3,9,4504.0,55.73629,37.494647
302,"сиреневый б-р, 70",1971,98,1,14,4222.0,55.802573,37.834848
303,"сиреневый б-р, 12 корпус 1",1960,70,4,5,3062.7,55.802209,37.783365
304,"9-я северная линия, 11 корпус 1",1979,144,4,9,7144.0,55.93537,37.549444
305,"ул. просторная, 11",1972,244,7,9,10321.3,55.806504,37.720106
306,"ш. каширское, 11 корпус 2",1952,11,2,5,3298.6,55.66799,37.631191
307,"ул. 16-я парковая, 7",1953,115,2,5,3332.0,55.792847,37.823071
308,"п. сосенское, ул. александры монаховой, 101",2015,128,2,17,8310.7,55.540475,37.492644
309,"ул. миклухо-маклая, 57 корпус 2",1970,179,5,9,9139.0,55.641808,37.534613
310,"осенний б-р, 12 корпус 5",1985,135,2,17,4264.0,55.758904,37.412514
311,"ул. 9-я парковая, 47 корпус 2",1963,72,1,9,2590.0,55.80527,37.797837
312,"коломенский проезд, 8 корпус 2",1982,128,2,16,8131.6,55.664675,37.650011
313,"п. внуковское, ул. летчика грицевца, 12",2013,448,7,17,25096.5,55.624174,37.311229
314,"ул. каховка, 10 корпус 3",1981,110,1,16,5254.4,55.654157,37.579789
315,"ул. большая юшуньская, 6",1963,100,5,5,4481.5,55.650643,37.593812
316,"озерковская наб., 2/1",1969,160,1,17,7353.0,55.742681,37.636006
317,"ул. тайнинская, 7 корпус 4",2004,134,2,17,9928.0,55.880409,37.682
318,"ул. толбухина, 8 корпус 2",1957,60,3,5,4120.0,55.71908,37.403136
319,"ул. 11-я текстильщиков, 12",1973,142,4,9,7108.0,55.707304,37.74428
320,"ул. дубнинская, 20 корпус 3",1978,360,10,9,17950.0,55.870314,37.565398
321,"ул. академика королева, 7 корпус 3",1962,60,3,5,2566.0,55.819955,37.626511
322,"2-й павловский пер., 1",1910,45,3,5,2452.7,55.718299,37.62819
323,"ул. чертановская, 13",1969,142,4,9,6255.0,55.627483,37.598474
324,"ул. кунцевская, 1",1956,93,3,5,2867.9,55.730309,37.422925
325,"ул. шверника, 13 корпус 4",1966,95,1,12,3599.6,55.692516,37.590389
326,"ул. автозаводская, 6",1955,412,10,13,26429.7,55.709449,37.661033
327,"ул. футбольная, 10",2014,33,3,3,1565.5,55.512587,37.369179
328,"ул. севанская, 50 корпус 1",1963,80,4,5,3419.3,55.624459,37.652777
329,"ул. москворечье, 51 корпус 2",1962,80,4,5,3421.6,55.6441,37.66936
330,"ул. болотниковская, 3 корпус 1",2003,256,4,17,16198.0,55.655915,37.615794
331,"ул. академика волгина, 14 корпус 2",2000,255,4,17,16355.0,55.642718,37.503396
332,"ул. гончарная, 38",1939,178,15,14,13517.0,55.740887,37.650621
333,"ул. внуковская б., 16",1940,18,3,3,817.5,55.610453,37.299111
334,"ул. маленковская, 14 корпус 1",1996,9,1,5,1137.0,55.790372,37.672064
335,"ул. камова, 5",1954,18,2,3,913.1,55.70597,37.871113
336,"п. десеновское, пр-кт нововатутинский, 10",2013,384,5,17,20085.0,55.517985,37.34956
337,"ул. островитянова, 20",1972,143,3,12,7229.0,55.635274,37.513431
338,"ул. енисейская, 8",1967,72,1,9,2575.4,55.859398,37.661311
339,"пожарский пер., 9",1917,8,2,4,2188.0,55.741252,37.601672
340,"ул. башиловская, 3 корпус 2",1972,92,1,12,3476.0,55.794123,37.575522
341,"ул. адмирала лазарева, 72 корпус 1",2000,30,2,4,1398.0,55.538433,37.505175
342,"ш. каширское, 66 корпус 1",1954,36,3,4,1905.7,55.643861,37.675065
343,"ул. бочкова, 6 корпус 1",1961,111,4,8,4766.0,55.810506,37.633544
344,"4-й вешняковский проезд, 5 корпус 1",1966,100,5,5,4469.1,55.720007,37.795061
345,"пестовский пер., 14",1956,11,2,3,835.0,55.746461,37.660233
346,"ул. каховка, 13 корпус 8",1964,72,1,9,2589.3,55.647249,37.583059
347,"загорского проезд, 7 корпус 2",1984,82,1,15,4651.0,55.719338,37.443344
348,"ул. осенняя, 16",1999,337,4,22,22059.0,55.765635,37.405471
349,"ул. большая академическая, 73 корпус 4",1968,84,1,12,3638.2,55.843768,37.550917
350,"ул. 2-я прядильная, 3 корпус 1",1957,30,3,5,2621.8,55.795813,37.777967
351,"ул. амурская, 74",1961,80,4,5,3188.9,55.812843,37.795178
352,"ул. серпуховский вал, 18/28",1962,64,1,8,2155.2,55.712071,37.613171
353,"ул. плеханова, 25 корпус 3",1968,84,1,12,3602.9,55.743755,37.767384
354,"ул. днепропетровская, 5 корпус 1",1975,144,4,9,7132.1,55.622385,37.60037
355,"ул. ивана бабушкина, 13 корпус 1",1955,61,3,5,4187.6,55.685579,37.562398
356,"чернышевского пер., 11 строение 2",1959,30,2,5,1669.0,55.783235,37.607197
357,"ул. бойцовая, 22 корпус 6",1962,72,1,9,2587.6,55.815003,37.725271
358,"ул. корнейчука, 41",1982,235,5,12,13514.0,55.894429,37.63305
359,"ул. ботаническая, 33 корпус 7",1974,98,1,14,4231.0,55.839183,37.581155
360,"ул. 4-я гражданская, 39 корпус 4",1958,80,4,5,3464.2,55.808827,37.720456
361,"ул. инженерная, 28",1961,45,3,5,2385.1,55.880586,37.574723
362,"ул. грина, 24",2002,255,4,17,10034.3,55.565972,37.577058
363,"генерала карбышева б-р, 7 корпус 6",1960,80,4,5,3514.8,55.780178,37.465452
364,"ул. нижегородская, 6",1966,80,1,12,3474.0,55.738014,37.67837
365,"ул. 1-я владимирская, 14",1957,56,3,5,2877.3,55.757024,37.774957
366,"лаврушинский пер., 11 корпус 1",2007,42,5,7,9587.4,55.742154,37.621372
367,"9-я северная линия, 23 корпус 2",2008,197,3,17,11109.0,55.932551,37.551178
368,"ул. твардовского, 12 корпус 3",2013,618,6,23,39786.6,55.793176,37.400998
369,"ул. елецкая, 7 корпус 1",1977,71,2,9,2267.0,55.609706,37.732754
370,"ул. новопесчаная, 4 корпус 1",1949,34,3,4,1652.1,55.801743,37.516808
371,"ул. обручева, 18",1967,111,1,16,6073.0,55.65852,37.515039
372,"нагатинская наб., 56а",2007,189,3,20,15800.2,55.689451,37.686707
373,"трубниковский пер., 30 строение 1",2001,30,2,9,4485.0,55.755642,37.58729
374,"ул. дубнинская, 32 корпус 9",2004,126,1,16,5847.1,55.883131,37.561266
375,"новинский б-р, 13",1917,47,1,6,2192.3,55.753828,37.582861
376,"ул. 1-я тверская-ямская, 7",1977,113,5,9,8466.0,55.771494,37.592797
377,"ул. дыбенко, 36 корпус 3",2006,192,3,17,8855.9,55.876496,37.485969
378,"ул. римского-корсакова, 2",1995,170,2,22,11247.0,55.869329,37.591234
379,"шмитовский проезд, 11",1929,16,2,5,1309.0,55.758169,37.551968
380,"ул. софьи ковалевской, 4 корпус 2",1980,111,1,16,5269.0,55.87995,37.535538
381,"ул. нижегородская, 52",1964,78,1,10,2717.0,55.734871,37.703649
382,"ул. паперника, 17",1962,80,4,5,3407.4,55.7216,37.789842
383,"ул. гарибальди, 20/29 корпус 1",1963,71,1,9,2567.0,55.672153,37.545617
384,"ул. петровка, 19 строение 8",1900,15,1,3,243.0,55.765346,37.615407
385,"ул. уральская, 3",1967,181,2,12,6820.3,55.812747,37.79728
386,"ул. федора полетаева, 5 корпус 4",1964,80,4,5,3545.0,55.71411,37.778946
387,"ул. плещеева, 15а",1974,228,1,9,6225.0,55.891178,37.618336
388,"юрловский проезд, 21",2005,238,3,18,17029.0,55.872758,37.615821
389,"ул. челюскинская, 10 корпус 1",1970,144,4,9,7126.0,55.882182,37.706506
390,"одоевского проезд, 11 корпус 4",1981,125,2,16,7926.0,55.599677,37.512892
391,"ул. коптевская, 28 корпус 3",1963,68,4,5,2898.2,55.836201,37.522126
392,"ул. водников, 20",1962,48,3,4,2057.0,55.817405,37.447566
393,"ул. бирюлевская, 1 корпус 1",2004,390,6,17,22040.9,55.60195,37.664752
394,"ул. новозаводская, 2 корпус 4",1960,38,2,5,2484.0,55.748574,37.513377
395,"большой предтеченский пер., 17/9 строение 1",1904,7,2,7,3323.0,55.759805,37.565892
396,"ул. левобережная, 4 корпус 7",2014,465,8,19,34840.4,55.87194,37.478136
397,"ул. фестивальная, 24 корпус 2",2004,70,1,18,5287.5,55.859332,37.501735
398,"пр-кт ломоносовский, 7 корпус 5",2000,74,1,23,10974.0,55.684594,37.54551
399,"ул. тихомирова, 7",2004,235,5,12,13281.0,55.885711,37.6471
400,"ул. ферсмана, 3 корпус 1",1958,116,4,8,7962.3,55.695372,37.574148
401,"ш. дмитровское, 107а корпус 2",2018,320,5,19,17909.1,55.878889,37.538637
402,"ул. 5-я парковая, 47 корпус 3",1960,80,4,5,3528.0,55.804734,37.785647
403,"ул. черкизовская б., 10 корпус 2",1964,160,8,5,7077.7,55.795666,37.724193
404,"ул. сайкина, 7",2001,175,1,14,7141.3,55.707857,37.6691
405,"боровское, 44 корпус 1",1989,407,6,17,25927.0,55.637032,37.346479
406,"ул. живописная, 50",1951,45,3,6,2391.0,55.801612,37.451204
407,"ул. перекопская, 34 корпус 2",2012,147,2,22,9668.7,55.663217,37.565542
408,"ул. строителей, 4 корпус 6",1954,69,3,8,5594.3,55.687736,37.539042
409,"ул. инессы арманд, 4 корпус 1",1977,140,4,9,6965.2,55.591569,37.54365
410,"9-я северная линия, 13",2008,339,5,17,21398.0,55.934321,37.548977
411,"ул. константинова, 32 корпус 1",1962,38,2,5,1506.0,55.81958,37.659605
412,"ул. 9-я парковая, 21 корпус 2",1965,68,4,5,2908.7,55.794264,37.797703
413,"ул. большая татарская, 7",2011,214,12,10,31636.2,55.742276,37.634362
414,"ул. домодедовская, 7 корпус 2",1973,215,6,9,10173.3,55.612426,37.710386
415,"1-й капотня кв-л, 2",1960,48,3,4,2027.2,55.641193,37.791109
416,"ул. плещеева, 30",1981,256,4,16,16385.0,55.890012,37.621237
417,"1-й амбулаторный проезд, 7 корпус б",1958,42,3,5,2375.0,55.811113,37.532628
418,"боровский, 6",1962,55,4,4,2349.0,55.655234,37.39046
419,"филевский б-р, 8 корпус 1",1981,570,12,12,25946.0,55.766238,37.490506
420,"ул. озерная, 30 корпус 2",1965,80,4,5,3445.5,55.676062,37.451141
421,"воротниковский пер., 2/11",1969,207,1,14,6759.0,55.769038,37.603065
422,"озерковская наб., 38-40",1956,30,3,5,2583.8,55.737193,37.638368
423,"ул. изумрудная, 12",1963,66,4,5,2772.0,55.869223,37.680868
424,"ул. фомичевой, 16 корпус 3",1967,282,8,9,13884.5,55.857756,37.439427
425,"тенистый проезд, 12",1971,98,1,14,4222.7,55.862161,37.642016
426,"ул. гурьянова, 17 корпус 1",2001,148,1,25,10600.0,55.688669,37.7206
427,"сумской проезд, 23 корпус 1",1969,84,1,12,3657.0,55.629216,37.591548
428,"ул. луганская, 3 корпус 2",1984,190,4,12,10972.0,55.627,37.665408
429,"ул. ангарская, 57 корпус 1",2012,399,7,17,22561.0,55.883217,37.527597
430,"сумской проезд, 12 корпус 1",1971,356,10,9,18236.0,55.634761,37.606316
431,"старый зыковский проезд, 6 корпус 2",1960,25,2,5,1610.0,55.800843,37.545869
432,"ул. иерусалимская, 3",1999,97,4,9,4616.5,55.732595,37.677867
433,"ул. павла корчагина, 3",1976,98,1,14,4229.0,55.814583,37.656802
434,"ул. камова, 24 корпус 3",1959,8,4,2,296.9,55.700628,37.875856
435,"большой головин пер., 6",1998,3,1,5,558.1,55.769216,37.62687
436,"ул. крылатские холмы, 39 корпус 2",1985,269,4,17,17279.0,55.760201,37.416476
437,"ул. нагорная, 24 корпус 6",1959,40,2,5,1579.0,55.678382,37.599301
438,"ул. городская, 9",1958,44,3,5,3047.6,55.715043,37.617977
439,"ул. менжинского, 28 корпус 4",1970,112,1,14,5493.0,55.871521,37.671337
440,"ул. мытная, 56",1929,27,3,5,1966.4,55.715718,37.619549
441,"ул. красного маяка, 13а корпус 5",1975,144,4,9,4868.0,55.608272,37.583239
442,"новохорошевский, 9",1960,60,3,5,2469.5,55.778107,37.497315
443,"ул. братская, 23 корпус 2",1966,110,4,5,3465.2,55.749451,37.794837
444,"ул. нижегородская, 75а",1962,60,3,5,2574.0,55.732636,37.722253
445,"пр-кт балаклавский, 20 корпус 1",2003,184,1,24,8313.1,55.643007,37.600073
446,"ул. менжинского, 7",1962,18,2,5,1572.0,55.867692,37.674714
447,"ул. большая переяславская, 9",1972,108,1,16,5337.0,55.783301,37.641351
448,"ул. липецкая, 54/21",1977,124,2,16,7927.6,55.578213,37.683922
449,"парусный проезд, 9",1965,80,4,5,3390.0,55.846542,37.449183
450,"ш. открытое, 1 корпус 5",1960,60,3,5,2561.0,55.808386,37.725532
451,"2-й войковский проезд, 5",1962,60,3,5,2484.0,55.81648,37.495078
452,"ш. рублевское, 151 корпус 5",2000,19,2,2,560.5,55.768866,37.343514
453,"пр-кт ленинградский, 5 строение 2",1911,96,5,8,5903.0,55.779079,37.576708
454,"ул. полярная, 40",1967,84,1,12,3634.0,55.886049,37.644603
455,"черепановых проезд, 44",1967,77,1,12,3270.1,55.842595,37.533652
456,"сиреневый б-р, 59",2007,64,1,17,3076.2,55.803656,37.817151
457,"напольный проезд, 10",1985,271,4,17,17202.0,55.757642,37.825712
458,"кутузовский пер., 3",1958,45,3,5,2482.0,55.741059,37.542976
459,"ул. малая пионерская, 23-31 строение 1",1959,80,4,5,3459.7,55.727263,37.636033
460,"ул. кравченко, 16 корпус 1",1960,80,4,5,3503.0,55.67927,37.516027
461,"ул. 5-я парковая, 46а",1957,43,3,5,2498.6,55.800332,37.789267
462,"ш. ленинградское, 36 корпус 2",1957,60,3,5,4007.4,55.830912,37.490515
463,"ул. черняховского, 7",1961,64,1,9,2265.0,55.804354,37.534308
464,"ул. беломорская, 5 корпус 1",1972,214,2,12,8762.0,55.864808,37.470365
465,"ул. генерала белобородова, 14 корпус 1",1996,128,2,17,7060.0,55.835468,37.354393
466,"п. новофедоровское, ул. генерала донскова, 21 корпус 4",2019,18,1,3,897.9,55.487861,36.917803
467,"ул. святоозерская, 26",2005,256,6,12,14261.7,55.712239,37.893382
468,"ул. черногрязская 2-я, 11/15",1964,60,3,5,2622.0,55.76447,37.547153
469,"звездный б-р, 26 корпус 1",1959,64,1,8,2186.0,55.814882,37.627768
470,"кривоарбатский пер., 8 строение 2",2004,19,2,7,2770.0,55.748407,37.589994
471,"ул. волочаевская, 40 корпус 9",1958,15,2,3,722.4,55.751558,37.674984
472,"ул. полбина, 42",1969,213,6,9,10114.3,55.680458,37.728541
473,"ул. южнобутовская, 47",1996,119,6,9,7313.0,55.537246,37.532116
474,"ул. матвеевская, 4 корпус 2",1971,188,2,16,5664.0,55.705143,37.475423
475,"ул. твардовского, 23",1981,445,7,16,24503.0,55.795388,37.405157
476,"ул. футбольная, 24",2013,33,3,3,1575.7,55.51407,37.373455
477,"ул. 1-я квесисская, 9",2016,139,1,20,14163.9,55.793571,37.580202
478,"ул. вяземская, 8",2013,258,4,18,12994.3,55.713785,37.400674
479,"озерковская наб., 48-50 строение 3",1953,59,3,5,4174.4,55.73554,37.63827
480,"ул. старослободская, 3",2001,84,4,17,10289.0,55.790676,37.670429
481,"ул. 3-я карачаровская, 8 корпус 2",1968,54,1,9,2383.0,55.733325,37.747172
482,"ул. базовская, 15 корпус 8",2014,192,3,17,9992.0,55.878056,37.507906
483,"ул. шереметьевская, 17 корпус 2",1962,60,3,5,2524.0,55.798247,37.614626
484,"ул. островитянова, 9",2004,336,7,16,26461.0,55.643769,37.496075
485,"ул. лосевская, 1 корпус 4",1975,211,6,9,10330.0,55.874289,37.710386
486,"пушкарев пер., 19",1951,9,1,3,690.5,55.769043,37.630122
487,"ул. коптевская, 22",1954,80,6,5,5390.8,55.831858,37.519881
488,"ботанический пер., 16",1999,68,1,23,9592.9,55.778952,37.639006
489,"лесной 2-й пер., 8",1960,126,4,8,5337.0,55.781175,37.587865
490,"пр-кт вернадского, 37 корпус 1б",2004,73,1,19,6798.0,55.67793,37.510439
491,"ул. верхняя масловка, 23",1934,60,6,5,3657.0,55.796744,37.559613
492,"ул. 16-я парковая, 18",1966,216,3,9,7569.0,55.802371,37.83059
493,"ул. маршала катукова, 19 корпус 2",1979,213,6,9,10593.3,55.807946,37.410151
494,"ул. тимура фрунзе, 16",1957,24,2,5,1720.0,55.73443,37.589527
495,"ш. сколковское, 18",2005,52,1,14,2393.0,55.709145,37.399632
496,"пр-кт 60-летия октября, 18 корпус 3",1959,40,2,5,1571.2,55.689984,37.572944
497,"пр-кт рязанский, 47 корпус 2",1960,80,4,5,3350.7,55.726725,37.762974
498,"ш. ленинградское, 52б",2002,127,1,16,10468.8,55.837287,37.485655
499,"ул. новгородская, 14 корпус 2",1983,127,1,16,5811.0,55.896191,37.582358
500,"ташкентский пер., 1",1968,215,6,9,7250.0,55.707197,37.819702
501,"ул. ереванская, 6 корпус 3",1965,80,4,5,3542.0,55.628749,37.668273
502,"сивцев вражек пер., 21",1928,46,3,7,2772.0,55.747267,37.593381
503,"ул. батюнинская, 12",1986,96,2,12,5490.9,55.659673,37.704583
504,"серебрякова проезд, 9 корпус 3",1967,83,1,12,2270.0,55.848887,37.647073
505,"ул. елецкая, 22/25",1977,382,8,12,15144.0,55.605175,37.733581
506,"жемчуговой аллея, 5 корпус 4",2000,258,4,17,14800.0,55.732099,37.825496
507,"пр-кт мира, 112",1960,340,7,9,21647.0,55.805943,37.637847
508,"ул. флотская, 23 корпус 1",2001,87,1,22,4979.8,55.860428,37.512999
509,"ул. 1-я курьяновская, 23",1951,12,2,2,654.2,55.654315,37.703388
510,"пр-кт мира, 108",1959,392,11,10,28184.0,55.803535,37.63765
511,"ул. степана шутова, 8 корпус 1",1963,80,4,5,3518.5,55.674813,37.811141
512,"п. сосенское, 28 кв-л, 1 корпус 4",2021,687,10,15,34504.3,55.60104,37.413763
513,"ул. 1812 года, 12",1963,171,6,8,7079.0,55.741764,37.520348
514,"походный, 11 корпус 1",1974,98,1,14,4290.0,55.839082,37.416125
515,"пр-кт ленинский, 121/1 корпус 3",1993,138,1,25,9385.0,55.649251,37.484397
516,"ул. руставели, 6а корпус 1",1961,80,4,5,3433.0,55.811644,37.588305
517,"ул. космонавтов, 7",1971,153,1,14,7911.0,55.821765,37.65426
518,"ш. каширское, 122",1996,154,1,24,4933.0,55.605902,37.71813
519,"ул. маршала неделина, 34 корпус 3",1957,40,2,5,2565.0,55.725057,37.421111
520,"ул. ефремова, 20",1929,70,4,5,2486.0,55.722314,37.568605
521,"ул. михайлова, 8",1965,68,1,9,2461.0,55.728216,37.763962
522,"ермолаевский пер., 6",1983,8,1,4,633.0,55.763356,37.589958
523,"ул. ферганская, 13 корпус 3",2019,35,1,9,1636.0,55.708481,37.813315
524,"осенний б-р, 5 корпус 2",1985,272,4,17,17227.0,55.756254,37.405489
525,"ул. лебедянская, 19",1983,190,4,12,8660.4,55.58726,37.672477
526,"ул. арбат, 49",1900,15,2,6,1439.7,55.747981,37.587272
527,"сивцев вражек пер., 31/13",1965,48,1,9,2691.0,55.746897,37.590183
528,"ш. энтузиастов, 76/1",1958,300,8,10,20631.3,55.764465,37.785971
529,"ул. щербаковская, 48",1969,84,1,12,3696.9,55.781372,37.736563
530,"ул. студенческая, 39",1936,61,6,5,4724.0,55.738389,37.538925
531,"ул. металлургов, 32 корпус 2",1966,80,4,5,2387.0,55.758478,37.793642
532,"ул. большая филевская, 41 корпус 5",1960,60,3,5,2503.1,55.740553,37.477741
533,"ул. академика пилюгина, 14 корпус 2",1987,606,4,18,55495.0,55.66994,37.536032
534,"ул. маршала конева, 7",1954,37,3,5,1813.2,55.796855,37.489428
535,"ул. перекопская, 27 корпус 2",1963,60,3,5,2574.8,55.660089,37.565317
536,"ул. кооперативная, 3 корпус 5",1926,42,2,5,2661.0,55.724682,37.568866
537,"ул. гризодубовой, 1 корпус 4",2006,64,1,17,4644.2,55.781595,37.532107
538,"ул. зацепский вал, 6/13 строение 1",1963,66,1,9,2419.7,55.732849,37.639464
539,"ул. дубнинская, 10 корпус 3",1971,213,6,9,10427.7,55.863783,37.570222
540,"ш. варшавское, 141а корпус 4",2019,224,3,16,12665.0,55.584512,37.604502
541,"ул. кольская, 9",1960,36,3,4,1252.0,55.861312,37.645447
542,"лазаревский пер., 4",1978,142,4,9,7023.0,55.790833,37.61247
543,"ул. оренбургская, 13 корпус 2",1973,144,4,9,6943.4,55.71409,37.86045
544,"ул. 3-я хорошевская, 5 корпус 1",1960,60,3,5,2501.7,55.77876,37.500845
545,"новочеркасский б-р, 53",1991,128,2,17,7306.0,55.64857,37.740165
546,"ул. рождественская, 25",2013,128,2,17,7304.6,55.706695,37.922398
547,"ул. вагоноремонтная, 9/25",1965,120,6,5,4993.0,55.897518,37.534838
548,"одоевского проезд, 3 корпус 7",1998,138,1,24,8240.0,55.600165,37.508858
549,"ул. фортунатовская, 10",2010,124,1,17,7775.0,55.789385,37.737165
550,"ул. чусовская, 7",1970,112,1,14,5458.5,55.813162,37.810827
551,"осенний б-р, 18 корпус 1",1984,128,2,17,6917.0,55.761766,37.40866
552,"ш. загородное, 11 корпус 2",1964,130,3,5,2815.4,55.692221,37.605715
553,"пр-кт мичуринский, 50",1971,98,1,14,4233.0,55.695296,37.488925
554,"пр-кт балаклавский, 4 корпус 5",1962,72,1,9,2586.3,55.643637,37.616099
555,"ул. медиков, 26 корпус 1",1966,60,3,5,2571.0,55.632728,37.68102
556,"ул. старый гай, 2 корпус 4",1971,215,6,9,10616.0,55.741541,37.826988
557,"куркинское, 17 корпус 9",2005,21,1,5,1580.4,55.88459,37.393362
558,"одоевского проезд, 3 корпус 4",1981,128,2,16,8119.0,55.601813,37.509191
559,"ул. барклая, 16 корпус 1",1966,128,4,9,5490.0,55.745863,37.496614
560,"ул. чистопольская, 2 корпус 2",1960,60,4,5,2107.0,55.730583,37.758249
561,"ул. большая марьинская, 23",1962,60,3,5,2585.0,55.809596,37.634434
562,"ул. мастеровая, 13",1963,60,3,5,2517.7,55.744515,37.756057
563,"ул. 800-летия москвы, 12",1984,260,4,17,8278.0,55.877137,37.543794
564,"ш. дмитровское, 151 корпус 5",1958,115,1,5,2097.9,55.89665,37.541099
565,"бескудниковский б-р, 2 корпус 1",1999,320,5,17,17601.2,55.857291,37.563332
566,"ул. лавочкина, 54 корпус 1",1968,143,4,9,7138.1,55.864601,37.487209
567,"ул. 3-я мытищинская, 14а",1955,139,5,8,9846.0,55.803975,37.645582
568,"ул. большая академическая, 12/18 корпус 2",1963,60,3,5,2499.4,55.821183,37.526977
569,"курсовой пер., 6/1",1998,16,2,5,2688.7,55.741039,37.605409
570,"большой кондратьевский пер., 6",1963,100,1,8,2146.5,55.773165,37.583463
571,"ул. свободы, 83 корпус 1",1965,100,5,5,4446.3,55.863187,37.446533
572,"ул. бурденко, 10",2002,17,1,6,2387.1,55.738885,37.58323
573,"ул. вавилова, 49 корпус 1",1950,55,3,5,3831.2,55.693302,37.564859
574,"ул. харьковская, 3 корпус 1",1975,108,1,16,5119.2,55.586283,37.649948
575,"ул. свободы, 4 строение 1",1958,84,6,5,4547.6,55.824162,37.451914
576,"ул. малышева, 2",1969,84,1,12,3633.7,55.703672,37.741019
577,"ул. минусинская, 3",1967,141,4,9,7083.0,55.87188,37.69401
578,"пр-кт ленинградский, 33 корпус 8",1957,60,3,5,2415.0,55.786632,37.559523
579,"ул. черкизовская б., 5 корпус 1",1965,288,9,9,12927.1,55.797463,37.720609
580,"пр-кт нахимовский, 47 корпус 2",2009,66,1,22,8254.0,55.674605,37.568497
581,"ул. уральская, 12/21",1968,208,6,9,10350.1,55.818154,37.799149
582,"ул. фабрициуса, 6 строение 1",1972,287,8,9,12301.0,55.845284,37.451618
583,"ул. новогиреевская, 54",1990,331,7,16,17953.0,55.747687,37.800631
584,"ул. ельнинская, 12 корпус 2",1963,114,1,9,2579.4,55.737674,37.427902
585,"ул. арбат, 47/23",1910,16,1,6,1844.7,55.748057,37.587533
586,"ул. вешняковская, 15 корпус 3",1971,144,4,9,4988.5,55.735616,37.835369
587,"пр-кт ломоносовский, 14",1953,584,14,16,38927.4,55.69109,37.542958
588,"ул. земляной вал, 27 строение 1",1930,71,5,8,4795.8,55.75896,37.658302
589,"ш. ярославское, 140",1961,59,3,5,2448.0,55.87496,37.717986
590,"п. новофедоровское, ул. вышгородская, 25",2018,90,3,3,4111.7,55.499968,36.917354
591,"ул. совхозная, 16 корпус 1",1976,91,1,14,3958.7,55.679088,37.765282
592,"ул. сталеваров, 14 корпус 4",1970,180,5,9,7936.0,55.757713,37.83766
593,"сумской проезд, 21 корпус 4",1973,98,1,14,4226.1,55.629755,37.593291
594,"ул. шипиловская, 17 корпус 2",1976,60,2,9,3462.1,55.620743,37.707233
595,"ул. сеславинская, 4",1962,80,4,5,3426.0,55.745899,37.501672
596,"ул. малая семеновская, 15/17 корпус 2",1933,29,5,5,1950.1,55.786318,37.715318
597,"сибирский проезд, 2/26",1957,42,3,5,2820.0,55.731379,37.68332
598,"ул. сталеваров, 26 корпус 2",1975,180,5,9,7824.0,55.75243,37.83739
599,"ул. островная, 16",2004,2,1,2,283.0,55.760454,37.445311
600,"ул. архитектора власова, 5 корпус 2",1960,80,4,5,3517.9,55.679752,37.555166
601,"карамышевская, 20 корпус 1",2002,122,3,17,11378.3,55.769631,37.47916
602,"ул. семеновский вал, 10 корпус 5",1946,21,2,2,785.0,55.777575,37.712946
603,"ул. днепропетровская, 39",1975,287,8,9,13945.0,55.615268,37.590165
604,"ул. новая башиловка, 4",1962,64,1,9,2676.1,55.786207,37.568327
605,"ул. давыдковская, 4 корпус 1",1966,132,8,5,7292.1,55.723749,37.47801
606,"пр-кт кутузовский, 69 корпус 4",1958,24,2,4,1314.1,55.723252,37.454169
607,"ул. архитектора власова, 21 корпус 1",1960,80,4,5,3504.1,55.675458,37.549309
608,"пр-кт севастопольский, 9 корпус 1",1967,68,1,9,2429.0,55.691232,37.60752
609,"жемчуговой аллея, 5 корпус 2",1972,425,12,9,13517.9,55.734344,37.821858
610,"ул. чоботовская, 3",1989,406,6,17,25936.0,55.641778,37.354393
611,"ул. коровий вал, 7 строение 1",1980,227,8,13,35138.0,55.728697,37.616926
612,"ул. херсонская, 8",1964,97,5,5,4371.0,55.650841,37.575711
613,"чонгарский б-р, 14 корпус 3",1963,80,4,5,3433.0,55.654772,37.611599
614,"ул. мастеровая, 7",1962,60,3,5,2543.5,55.744814,37.758302
615,"филипповский пер., 8 строение 1",2002,71,1,9,14533.4,55.748579,37.598555
616,"ул. адмирала лазарева, 36",2001,132,4,12,10999.0,55.546261,37.527615
617,"ул. булатниковская, 5 корпус 2",1973,142,4,9,6824.8,55.579261,37.653173
618,"ул. демьяна бедного, 3 корпус 7",1959,60,3,5,2552.7,55.772299,37.4826
619,"пр-кт волгоградский, 127 корпус 2",1962,60,3,5,2559.0,55.706507,37.769837
620,"ул. станиславского, 11",2009,54,5,6,6768.4,55.744774,37.659865
621,"бескудниковский б-р, 48 корпус 5",1964,80,4,5,3546.0,55.874556,37.542186
622,"ул. рочдельская, 14/20 корпус 1",1956,11,2,5,1144.7,55.757404,37.568641
623,"ул. маршала соколовского, 1",2005,204,1,20,16079.0,55.795535,37.493111
624,"ш. сколковское, 11",1974,98,1,14,4230.0,55.712061,37.406926
625,"ул. аргуновская, 10 корпус 1",1973,143,3,12,7289.0,55.816384,37.621354
626,"ул. херсонская, 36 корпус 4",1963,80,4,5,3531.6,55.656306,37.563404
627,"ул. спортивная, 11",1940,3,3,1,122.0,55.60995,37.668282
628,"ул. зеленоградская, 19",1976,98,1,14,4226.8,55.872365,37.498644
629,"ш. каширское, 38",1963,72,1,9,2558.7,55.649276,37.660215
630,"глинистый пер., 12",1966,84,1,12,3682.6,55.786996,37.638045
631,"будайский проезд, 6 корпус 1",1964,60,3,5,2453.0,55.835751,37.667743
632,"ул. малая филевская, 10 корпус 2",1961,65,3,5,2661.7,55.739169,37.475028
633,"ул. зверинецкая, 23/8",1971,84,1,12,3663.4,55.7848,37.733985
634,"ул. касимовская, 41",1979,144,4,9,7166.1,55.591299,37.661823
635,"юрловский проезд, 14 корпус 1",2011,424,7,17,24841.0,55.877738,37.612919
636,"ул. митинская, 21 корпус 1",1994,191,4,12,12218.0,55.842747,37.364418
637,"ул. молдагуловой, 16 корпус 2",1970,286,8,9,9657.0,55.722497,37.816711
638,"ул. новощукинская, 22",1965,84,1,12,3618.4,55.806843,37.451088
639,"ул. туристская, 25 корпус 1",1981,176,4,12,8004.7,55.854911,37.420356
640,"ул. 11-я парковая, 48 корпус 3",1971,98,1,14,4285.0,55.806631,37.806497
641,"ш. энтузиастов, 52",1958,112,4,8,7899.4,55.759132,37.760584
642,"ул. тимирязевская, 34 корпус 1",1965,84,1,12,3642.5,55.821937,37.560134
643,"ш. ленинградское, 44",1963,70,1,9,2938.1,55.83248,37.487685
644,"ул. планетная, 14",1966,100,5,5,4141.0,55.801151,37.54983
645,"ул. вишневая, 10",1963,72,1,9,2542.8,55.831423,37.448393
646,"ул. 15-я парковая, 40 корпус 1",1965,67,1,9,2427.0,55.805073,37.81919
647,"сиреневый б-р, 3 корпус 5",1967,138,4,9,6850.0,55.803762,37.769936
648,"ул. ливенская, 2",1972,80,4,5,3539.0,55.54619,37.561796
649,"ул. новочеремушкинская, 34 корпус 1",2005,222,3,24,20433.5,55.677331,37.571552
650,"ул. полбина, 52",1995,233,5,14,14285.1,55.676925,37.725855
651,"ул. никулинская, 8 корпус 3",2019,258,2,25,14849.9,55.668945,37.467374
652,"пр-кт ленинградский, 74 корпус 4",1961,115,4,8,8356.5,55.805862,37.518937
653,"ул. большая пионерская, 37/38",1976,108,3,9,5528.2,55.725569,37.635287
654,"ул. большая черемушкинская, 16",1963,80,4,5,3448.2,55.684061,37.589985
655,"гранатный пер., 11 строение 3",1910,4,2,4,393.7,55.759684,37.58879
656,"пр-кт маршала жукова, 14 корпус 2",1959,48,4,4,2663.9,55.776917,37.494225
657,"пр-кт волгоградский, 101 корпус 2",1962,60,3,5,2556.8,55.708749,37.754574
658,"ул. инициативная, 16 корпус 1",1958,24,2,4,1309.5,55.716017,37.454591
659,"ул. бестужевых, 25",1976,111,1,16,5337.0,55.871678,37.611006
660,"п. внуковское, ул. омская, 14 корпус 2",2017,186,3,16,7806.6,55.621236,37.265298
661,"ул. коминтерна, 26",1956,48,3,4,3327.0,55.866243,37.683661
662,"ул. героев панфиловцев, 45 корпус 2",1967,60,3,5,2559.9,55.853299,37.411023
663,"ул. беловежская, 37",2008,160,2,20,9681.1,55.711432,37.393317
664,"чечерский проезд, 64",1997,112,6,9,6933.2,55.532564,37.526384
665,"окружной проезд, 11 корпус 7",1958,28,3,5,2431.3,55.792265,37.742573
666,"ул. магаданская, 8",1963,67,4,5,2843.0,55.87898,37.686195
667,"ул. волочаевская, 6",1975,111,1,16,5330.0,55.757369,37.683841
668,"ул. михневская, 17",1973,144,4,9,7150.1,55.57979,37.664896
669,"2-й хвостов пер., 10 корпус 2",1933,30,3,5,1934.5,55.73517,37.61547
670,"ул. 15-я парковая, 46 корпус 10",1964,80,4,5,3538.7,55.808311,37.826269
671,"ул. 2-я новоостанкинская, 19",1969,112,1,14,5451.0,55.815554,37.624373
672,"ул. привольная, 27 корпус 1",1999,152,4,10,8412.0,55.695261,37.849481
673,"ул. гришина, 2 корпус 2",2004,104,2,14,4767.0,55.720945,37.421524
674,"ул. бориса жигуленкова, 10",1974,143,4,9,7149.8,55.76959,37.734731
675,"осенний б-р, 7 корпус 2",1985,256,4,17,14003.0,55.758225,37.405759
676,"ул. байкальская, 35 корпус 4",1999,140,3,17,12829.3,55.819069,37.812776
677,"ул. демьяна бедного, 4",1979,144,4,9,7149.9,55.770401,37.48693
678,"ул. 4-я сокольническая, 3",1975,214,2,12,8840.41,55.786642,37.68668
679,"ул. коштоянца, 1а",1965,80,1,12,3468.0,55.679235,37.492671
680,"п. десеновское, ул. дмитрия рябинкина, 2 корпус 2",1993,136,2,17,5152.3,55.509028,37.329671
681,"кавказский б-р, 44 корпус 3",1963,60,3,5,2582.0,55.629572,37.651789
682,"ул. инессы арманд, 4 корпус 2",1977,319,9,9,16008.0,55.592541,37.54374
683,"ул. новороссийская, 5 корпус 2",1962,80,4,5,3102.7,55.679681,37.761411
684,"большой коптевский проезд, 10 корпус 1",1973,110,1,16,5254.0,55.80916,37.537461
685,"ул. лобачевского, 41",2011,182,1,25,9469.0,55.689055,37.471327
686,"большой тишинский пер., 2",1982,142,3,12,8083.1,55.768881,37.579142
687,"ул. оренбургская, 8 корпус 1",1954,16,3,2,890.2,55.713238,37.858617
688,"ул. бориса галушкина, 16",1977,103,3,9,6432.0,55.823115,37.65585
689,"ул. тихомирова, 15 корпус 1",1966,72,1,9,2598.0,55.885852,37.651241
690,"ул. озерная, 2 корпус 3",2011,128,2,17,7140.0,55.688558,37.468398
691,"ул. крылатские холмы, 33 корпус 3",2004,98,1,22,11665.0,55.758068,37.419117
692,"ул. лобачевского, 32",1962,80,4,5,3525.0,55.669772,37.505292
693,"ул. большая очаковская, 26",2007,112,2,15,5997.0,55.681691,37.454277
694,"нагатинская наб., 14 корпус 3",1974,98,1,14,4272.0,55.682676,37.650343
695,"ул. вертолетчиков, 1",2017,480,5,25,27885.09,55.700065,37.939735
696,"ш. каширское, 57 корпус 2",1988,128,2,17,7012.3,55.637337,37.696678
697,"ул. футбольная, 26",2013,33,3,3,1564.4,55.514406,37.374012
698,"ш. волоколамское, 1 корпус б",1955,135,5,9,10040.2,55.805432,37.504699
699,"ул. октябрьская, 35",1970,141,4,9,7036.0,55.789684,37.612641
700,"соломенной сторожки проезд, 3",1963,79,4,5,3372.0,55.809474,37.566656
701,"анадырский проезд, 9",1963,52,3,5,2175.0,55.861484,37.679808
702,"большой тишинский пер., 37",1967,84,1,12,3657.4,55.769059,37.570159
703,"пр-кт ленинградский, 75 корпус 1б",1958,159,4,10,12823.7,55.804273,37.51052
704,"ул. первомайская, 116",1985,244,4,16,1255.0,55.792893,37.818481
705,"хвалынский б-р, 1",1993,195,3,17,10831.4,55.699096,37.853263
706,"ул. амурская, 20",1965,140,7,5,6085.2,55.808675,37.768031
707,"ул. ляпидевского, 18",1974,95,1,17,5691.8,55.85871,37.494602
708,"ш. варшавское, 149 корпус 4",1982,110,1,16,5174.3,55.579047,37.60125
709,"путевой проезд, 14",1958,18,2,3,1006.8,55.874006,37.578226
710,"ул. свободы, 67а",2021,161,1,25,8546.5,55.857063,37.448006
711,"ул. таганрогская, 11 корпус 1",1962,75,5,5,3174.0,55.678905,37.754503
712,"ул. михайлова, 30а корпус 3",2020,148,1,18,9071.5,55.724266,37.775712
713,"черницынский проезд, 6 корпус 2",1968,84,1,12,3632.2,55.82178,37.792825
714,"ул. фестивальная, 47",2004,40,2,8,4708.7,55.85868,37.486032
715,"ул. металлургов, 22/22",1965,199,4,5,8974.6,55.757886,37.787785
716,"ул. зои и александра космодемьянских, 42",1993,138,3,15,7929.6,55.824769,37.528334
717,"ул. полярная, 26 корпус 1",1972,78,1,14,3476.0,55.881303,37.639671
718,"ул. руставели, 12/7 корпус б",1955,55,2,5,2498.0,55.811563,37.59374
719,"шмитовский проезд, 46",1975,60,3,5,2559.0,55.755292,37.520231
720,"ул. братская, 21 корпус 1",1969,105,1,16,5759.6,55.749288,37.793894
721,"пр-кт новоясеневский, 21 корпус 1",1977,426,12,9,21269.0,55.602876,37.551708
722,"ул. степана супруна, 4",1974,178,5,12,10810.3,55.796952,37.544575
723,"ул. 1812 года, 4/45 корпус 2",1971,108,3,9,5447.0,55.736549,37.526151
724,"ул. академика миллионщикова, 35 корпус 2",1981,127,2,16,8206.4,55.661181,37.647423
725,"ул. малая полянка, 13",2000,6,1,2,462.2,55.733624,37.616827
726,"ул. летчика бабушкина, 17",1959,80,4,5,3226.0,55.864333,37.672684
727,"ул. рословка, 12 корпус 2",2004,20,3,4,2266.0,55.82801,37.360906
728,"черепановых проезд, 46а",1939,48,4,5,2857.0,55.842231,37.534604
729,"ул. ботаническая, 33 корпус 6",1958,46,3,5,3285.0,55.84072,37.583859
730,"ул. пришвина, 7/1",1976,126,1,16,5756.0,55.88976,37.59551
731,"врачебный, 11 корпус 2",1967,80,4,5,3515.1,55.813602,37.452615
732,"востряковский проезд, 9",1974,191,4,12,9149.7,55.580075,37.642842
733,"глазовский пер., 5",1910,21,1,5,2681.8,55.743933,37.587084
734,"ул. гамалеи, 4",1961,40,2,5,1578.8,55.798272,37.464823
735,"ул. подольских курсантов, 6 корпус 3",1972,142,4,9,7056.2,55.606166,37.612515
736,"пр-кт ленинский, 107 корпус 1",2017,219,3,20,21053.5,55.663618,37.514778
737,"ул. фестивальная, 73 корпус 1",2001,122,2,17,6934.9,55.863439,37.506586
738,"ул. коминтерна, 40",1961,48,3,4,2113.0,55.870036,37.688944
739,"ул. октябрьская, 105",1980,255,4,16,16367.0,55.799502,37.611437
740,"ул. плеханова, 14 корпус 3",1965,60,3,5,2581.1,55.745093,37.763656
741,"ул. ивановская, 22",1961,80,4,5,3520.9,55.822286,37.570905
742,"ул. неглинная, 16/2 строение 4",1913,14,2,3,830.1,55.765073,37.620483
743,"ул. генерала белобородова, 16",1996,203,3,17,11123.0,55.835366,37.355803
744,"ул. барышиха, 38",1993,222,4,14,12216.0,55.851333,37.343353
745,"ракетный б-р, 10",1960,60,3,5,2550.0,55.817456,37.652328
746,"филевский б-р, 1",1982,551,12,12,24712.0,55.764648,37.494449
747,"ул. бирюлевская, 29 корпус 2",1972,191,4,12,9637.1,55.592632,37.667438
748,"шокальского проезд, 29 корпус 1",1966,84,1,12,3621.3,55.880849,37.646956
749,"ул. академика пилюгина, 22 корпус 1",2004,204,2,21,22903.0,55.670387,37.531657
750,"ул. первомайская, 64",1964,68,1,9,7901.4,55.792842,37.796184
751,"солдатский пер., 10",2016,407,4,17,25687.5,55.767185,37.705221
752,"волжский б-р, 39 корпус 2",1959,80,4,5,3432.0,55.699274,37.755131
753,"боровское, 37",1988,272,4,17,17369.0,55.640462,37.359415
754,"лазоревый проезд, 8",1970,144,4,9,6892.9,55.849848,37.635098
755,"гороховский пер., 4 корпус 5 строение 7",1887,16,1,3,982.0,55.764141,37.663961
756,"тенистый проезд, 2 корпус 1",2006,191,2,25,17394.3,55.858559,37.635179
757,"фурманный пер., 2/7 строение 1",2000,10,1,4,1254.0,55.763376,37.647828
758,"чертаново северное, 2 корпус 207",1980,66,1,15,5564.0,55.639237,37.601061
759,"ул. профсоюзная, 110 корпус 4",1967,298,15,5,12819.0,55.641473,37.519063
760,"литовский б-р, 42 корпус 1",1978,255,4,16,16395.0,55.607773,37.544279
761,"леонтьевский пер., 23/8 строение 3",1902,3,1,2,425.0,55.762044,37.605939
762,"ул. новокосинская, 23",1990,260,4,17,14270.6,55.741161,37.860603
763,"ул. грузинский вал, 28/45",1930,67,4,6,4611.0,55.774907,37.582906
764,"потаповский пер., 8/12 корпус 1",1917,2,2,3,264.9,55.760246,37.641351
765,"ул. реутовская, 22 корпус 2",1971,144,4,9,4990.2,55.733508,37.83545
766,"ул. гжатская, 4 корпус 2",1961,61,3,5,2534.0,55.716174,37.441413
767,"ул. юных ленинцев, 77 корпус 2",1961,80,4,5,3537.7,55.701308,37.770654
768,"ул. дубнинская, 10 корпус 5",1971,286,8,9,13940.4,55.862833,37.572495
769,"ул. 5-я магистральная, 20",1989,94,2,12,4280.1,55.774938,37.529555
770,"ул. онежская, 25",1966,160,8,5,7250.3,55.853794,37.513413
771,"ул. минусинская, 6",1971,144,4,9,7032.0,55.873314,37.694441
772,"ул. черкизовская б., 24 корпус 2",1966,119,6,5,3384.6,55.796329,37.736644
773,"ул. верхняя первомайская, 71 корпус 2",1960,70,5,5,3664.0,55.801035,37.810414
774,"пестовский пер., 7",1957,28,2,4,1904.0,55.746152,37.659533
775,"бескудниковский б-р, 10 корпус 5",2002,160,1,24,8841.3,55.861277,37.562901
776,"пр-кт андропова, 37 корпус 5",1965,100,5,5,4478.4,55.672783,37.668902
777,"ул. авиационная, 63",2008,528,5,26,31710.3,55.809343,37.455633
778,"ул. коптевская, 89 корпус 8",1959,80,4,5,3451.9,55.837358,37.519054
779,"пр-кт мира, 78",1947,52,2,9,3300.7,55.791258,37.635161
780,"ул. 13-я парковая, 37 корпус 3",1962,80,4,5,3558.0,55.809515,37.809479
781,"славянский б-р, 15",1971,180,1,19,8052.6,55.725179,37.461957
782,"ул. маршала голованова, 1",1985,609,9,17,33962.0,55.650099,37.730203
783,"ул. маршала малиновского, 6 корпус 1",1964,179,4,9,8460.3,55.790782,37.494
784,"филевский б-р, 21",1982,127,1,16,5833.0,55.765711,37.480436
785,"ул. барышиха, 21 корпус 1",1999,174,2,22,11342.0,55.844763,37.345419
786,"ясный проезд, 4 корпус 1",1965,84,1,12,3648.0,55.872274,37.631397
787,"ул. валовая, 31",1940,60,4,7,5094.0,55.72926,37.628253
788,"ул. полярная, 15 корпус 1",1974,78,1,14,3553.0,55.875364,37.636051
789,"гагаринский пер., 24/7 строение 2",2008,18,1,5,3264.5,55.745377,37.590578
790,"ул. кубинка, 17",1961,80,4,5,3244.0,55.724789,37.405552
791,"ул. 2-я владимирская, 16 корпус 1",1962,38,2,5,1503.4,55.758159,37.779646
792,"большой предтеченский пер., 23",1984,52,1,14,4383.6,55.760271,37.564823
793,"ул. софьи ковалевской, 10 корпус 1",1969,192,6,9,9484.0,55.884282,37.533068
794,"ул. братиславская, 20",1999,152,2,22,10092.0,55.656372,37.760863
795,"ул. василия петушкова, 20 корпус 1",1950,52,2,5,2651.0,55.840103,37.413358
796,"ул. кошкина, 12 корпус 1",1988,406,6,17,25856.9,55.639578,37.671076
797,"востряковский проезд, 21 корпус 1",1973,189,4,12,9467.5,55.575541,37.652211
798,"петровский б-р, 19/2 строение 2",1917,5,1,3,725.0,55.767955,37.618111
799,"ул. 6-я парковая, 30",1951,15,2,3,891.3,55.795352,37.791172
800,"ул. архитектора власова, 37 корпус 1",1963,80,4,5,3554.0,55.669437,37.54427
801,"ул. гончарова, 5а",1971,96,1,12,3613.0,55.815863,37.583823
802,"ул. елецкая, 31 корпус 1",1979,278,8,9,8812.0,55.602342,37.736437
803,"ул. корнейчука, 58в",1979,111,1,16,5367.0,55.893834,37.62281
804,"ул. юных ленинцев, 24",1957,30,3,5,2667.0,55.699812,37.74816
805,"ул. ращупкина, 4",1968,108,3,9,4577.0,55.725574,37.445267
806,"ул. башиловская, 26",1957,36,3,5,3139.0,55.804562,37.573923
807,"ул. теплый стан, 15 корпус 4",1974,168,3,12,9250.5,55.62052,37.489023
808,"ул. смирновская, 5а",1962,60,3,5,2509.0,55.738242,37.707296
809,"1-й новокузнецкий пер., 11",1913,8,1,4,663.2,55.734856,37.63111
810,"ул. плещеева, 11",1974,214,6,9,10089.0,55.889442,37.614572
811,"ул. демьяна бедного, 6",1966,80,4,5,3492.3,55.771292,37.487514
812,"ул. уткина, 41а",1960,30,2,5,1618.6,55.763032,37.744262
813,"гончарный проезд, 8/40",1989,94,4,13,6137.0,55.740249,37.650846
814,"ул. свободы, 49 корпус 1",1959,100,5,5,4046.0,55.848513,37.45213
815,"ул. инженерная, 8",1959,80,4,5,3477.7,55.880515,37.582861
816,"ул. генерала глаголева, 24 корпус 1",1961,80,4,5,3556.2,55.783888,37.463583
817,"ул. сельскохозяйственная, 20 корпус 2",1974,120,1,15,5771.0,55.837793,37.64357
818,"ш. открытое, 26 корпус 5",1961,79,4,5,3535.3,55.825618,37.764267
819,"красностуденческий проезд, 21",1965,84,1,12,3676.0,55.823768,37.560826
820,"ул. мусы джалиля, 10 корпус 1",1978,378,8,12,21758.4,55.626385,37.739339
821,"симферопольский б-р, 35 корпус 1",1963,60,3,5,2571.0,55.643556,37.606227
822,"ул. щербаковская, 8",1966,110,3,11,7088.0,55.781909,37.723645
823,"ул. вертолетчиков, 4 корпус 3",2021,288,4,19,16199.4,55.704712,37.945475
824,"пл. измайловская, 1",1964,65,4,5,2788.7,55.792022,37.775137
825,"ул. 7-я парковая, 31 корпус 1",1959,75,5,5,3723.2,55.803924,37.795547
826,"ул. егерская, 1",1977,123,2,16,7869.8,55.792888,37.682871
827,"пр-кт пролетарский, 45",1971,112,1,15,5496.3,55.631366,37.66274
828,"ул. образцова, 8а",1971,170,2,12,7009.0,55.786931,37.609128
829,"ул. перовская, 66 корпус 4",2014,208,4,15,14349.0,55.744475,37.79976
830,"ул. шоссейная, 29 корпус 1",1969,81,1,12,3464.1,55.682336,37.724948
831,"ул. бирюлевская, 21 корпус 3",1971,213,6,9,10475.8,55.594438,37.669109
832,"ш. дмитровское, 55 корпус 2",1961,80,4,5,3685.4,55.843545,37.567536
833,"ул. ялтинская, 7 корпус 1",1964,72,1,9,2623.2,55.647463,37.610673
834,"ул. кузнецкий мост, 19 строение 1",1886,7,1,4,1051.4,55.762449,37.625855
835,"ул. верхняя первомайская, 21",1959,80,4,5,3416.3,55.79979,37.784039
836,"ул. подольских курсантов, 16 корпус 3",1972,141,4,9,6983.1,55.605973,37.614859
837,"ул. изюмская, 55 корпус 1",2018,132,3,13,6375.8,55.542971,37.565793
838,"пр-кт волгоградский, 185/19",1998,80,1,12,2210.0,55.695443,37.812794
839,"пр-кт ленинский, 37",1940,313,14,10,21478.5,55.709865,37.5865
840,"ул. голубинская, 17/9",1976,533,15,9,26058.0,55.600989,37.520869
841,"ул. староволынская, 12 корпус 4",2013,167,2,23,26090.7,55.715525,37.477103
842,"ул. 2-я песчаная, 6 корпус 3",1984,82,2,12,4331.1,55.794239,37.515236
843,"ул. москворечье, 45 корпус 1",1960,59,3,5,2462.0,55.644831,37.665039
844,"ул. шереметьевская, 1 корпус 2",1958,40,2,5,2674.0,55.794259,37.614976
845,"ул. коптевская, 83 корпус 2",1957,55,3,5,3800.0,55.836044,37.520806
846,"ш. открытое, 23 корпус 6",1967,79,1,12,3382.0,55.824637,37.751565
847,"ш. энтузиастов, 98 корпус 8",1985,104,2,14,4650.1,55.77,37.830509
848,"пр-кт ленинский, 122",1967,178,1,19,8276.0,55.666142,37.511356
849,"пр-кт волгоградский, 7",1964,143,4,9,6083.0,55.731516,37.67404
850,"ул. новаторов, 30 корпус 1",1962,72,1,9,2615.0,55.66434,37.525836
851,"ул. нагорная, 18 корпус 1",1959,54,3,5,3807.0,55.679534,37.604726
852,"ул. спиридоновка, 16 строение 2",1902,7,1,4,1286.0,55.76058,37.594692
853,"1-й рижский пер., 2 корпус 7",1971,178,2,12,7023.0,55.808245,37.653604
854,"ул. василисы кожиной, 24 корпус 1",1961,54,4,5,2221.0,55.73407,37.490883
855,"ул. кашенкин луг, 6 корпус 2",2010,160,2,22,9191.0,55.825371,37.597513
856,"ул. берзарина, 16",1959,113,4,8,7782.3,55.788237,37.486544
857,"ул. седова, 2 корпус 2",1962,72,1,9,2585.0,55.853405,37.644621
858,"ул. грина, 34",2001,157,4,13,10063.8,55.568354,37.568192
859,"маршала рокоссовского б-р, 13",1963,72,1,9,2590.3,55.811902,37.723259
860,"1-й войковский проезд, 6 корпус 1",1950,18,2,3,1151.0,55.815585,37.495482
861,"ул. братиславская, 27 корпус 1",1998,384,7,17,23602.0,55.654635,37.765525
862,"ул. фестивальная, 63 корпус 3",2003,127,2,17,7203.5,55.862858,37.497548
863,"ул. большая филевская, 19/18 корпус 1",1956,205,7,8,13800.0,55.74747,37.496803
864,"ул. беловежская, 39 корпус 7",2006,104,2,14,4774.0,55.710793,37.3955
865,"ул. константинова, 34 корпус 2",1965,80,4,5,3490.0,55.819924,37.661338
866,"ул. академика комарова, 5в",1973,144,4,9,7116.0,55.828566,37.595456
867,"ул. бутлерова, 36 корпус 1",1969,100,5,5,4497.0,55.643861,37.546462
868,"ул. полярная, 34 корпус 1",1967,84,1,12,3634.0,55.885014,37.643615
869,"ул. старобитцевская, 21 корпус 2",1992,78,2,14,5402.8,55.577795,37.576834
870,"ул. генерала антонова, 5 корпус 3",1969,142,4,9,7390.0,55.644313,37.537281
871,"ул. генерала кузнецова, 15 корпус 1",1995,120,2,16,6611.3,55.686766,37.858905
872,"ул. одесская, 27/14",1961,79,4,5,3075.9,55.655844,37.590596
873,"старый толмачевский пер., 17 строение 2",1917,22,1,8,1677.5,55.738677,37.629071
874,"фурманный пер., 8 строение 2",2007,38,2,8,4781.6,55.764014,37.64913
875,"ул. елецкая, 33 корпус 3",1980,111,1,16,5287.0,55.602352,37.739483
876,"ул. чертановская, 30 корпус 3",1971,157,3,16,9132.4,55.620123,37.589967
877,"капранова пер., 4",2004,18,1,14,4849.1,55.757739,37.574309
878,"ш. ленинградское, 118 корпус 1",2009,147,1,22,7591.8,55.86691,37.463332
879,"пр-кт пролетарский, 7",2005,407,3,23,29450.1,55.645314,37.657485
880,"ул. краснодарская, 78",2003,119,1,18,5828.9,55.666858,37.782952
881,"ул. барвихинская, 24",1972,144,4,9,7138.0,55.720352,37.392095
882,"ул. болотниковская, 39",1964,60,3,5,2602.6,55.660556,37.586167
883,"ул. суздальская, 18 корпус 6",1997,109,2,14,6039.8,55.741414,37.852212
884,"ул. новомарьинская, 10 корпус 2",1995,37,4,4,2280.0,55.651506,37.753425
885,"пр-кт пролетарский, 41",1973,119,1,15,5770.5,55.632316,37.661832
886,"ул. металлургов, 17а",1960,60,4,5,3259.1,55.759208,37.784964
887,"ул. беломорская, 20 корпус 1",2009,171,3,17,8592.1,55.862025,37.475612
888,"ул. маршала савицкого, 20",2008,192,3,17,9821.0,55.504517,37.589635
889,"ул. нагорная, 24 корпус 4",1957,20,2,5,1758.0,55.678681,37.600648
890,"ул. свободы, 32",1977,88,2,12,3966.0,55.842843,37.456046
891,"бескудниковский б-р, 55 корпус 3",1968,84,1,12,3692.0,55.871521,37.539446
892,"ул. ленская, 21",1967,80,4,4,3520.3,55.866985,37.658527
893,"ул. рогова, 11",1963,80,4,5,3590.0,55.795509,37.459631
894,"ш. каширское, 132 корпус 1",1974,239,5,12,12182.9,55.602144,37.720142
895,"ул. академика скрябина, 5 корпус 1",1968,84,1,12,2275.0,55.713892,37.797244
896,"ул. таганская, 1/2 строение 2",1914,20,3,5,1268.0,55.741434,37.657314
897,"п. десеновское, ул. 2-я ватутинская, 7 корпус 2",1962,48,4,4,1173.0,55.503803,37.333615
898,"ул. нагатинская, 15 корпус 2",1969,96,1,12,3622.0,55.68023,37.641917
899,"яна райниса б-р, 12",1968,213,6,9,10510.8,55.850676,37.425333
900,"ул. красная сосна, 3",2021,777,6,23,43056.4,55.849994,37.683239
901,"ул. октябрьская, 38 корпус 6",1926,54,2,6,3252.0,55.789978,37.615345
902,"ул. фестивальная, 39 корпус 1",1982,80,1,12,3823.1,55.857846,37.482349
903,"ул. гвардейская, 17 корпус 1",1957,56,3,5,3778.0,55.725214,37.423303
904,"ш. дмитровское, 1 корпус 1",1932,152,10,5,6829.2,55.810744,37.578496
905,"ул. богданова, 14",1969,80,1,12,3447.0,55.657337,37.407843
906,"ул. беговая, 17 корпус 1",1940,72,5,7,7216.0,55.781636,37.559712
907,"звездный б-р, 38 корпус 1",1961,64,1,8,2203.0,55.813546,37.624409
908,"прибрежный проезд, 3",1976,127,1,16,5804.2,55.873375,37.46184
909,"вокзальный пер., 6 корпус 1",1939,8,2,2,699.0,55.817491,37.513224
910,"ул. малая грузинская, 41",1974,219,2,16,11207.1,55.771788,37.572567
911,"ул. бирюлевская, 18 корпус 1",1972,91,1,14,3914.6,55.597531,37.660889
912,"ул. ивана бабушкина, 12 корпус 1",1964,72,1,9,2550.4,55.686741,37.562389
913,"ул. черногрязская 2-я, 1",1970,80,1,12,3444.0,55.76052,37.545761
914,"нагатинская наб., 66 корпус 2",1967,120,6,5,5952.9,55.689319,37.691908
915,"ул. хачатуряна, 12 корпус 1",2001,211,4,20,19838.0,55.857407,37.59595
916,"ул. кутузова, 11 корпус 2",2002,145,2,17,17659.7,55.723263,37.412128
917,"ул. маршала катукова, 24 корпус 5",2008,192,1,29,21415.9,55.803044,37.413197
918,"ул. башиловская, 23 корпус 3",1979,111,1,16,5333.1,55.802098,37.572917
919,"ул. гримау, 3 корпус 2",1957,60,3,5,3962.9,55.691359,37.583427
920,"ул. обручева, 5",2020,204,3,15,11667.5,55.662004,37.514347
921,"чистопрудный б-р, 9 строение 1",1917,67,4,8,4195.5,55.76287,37.643668
922,"ул. юных ленинцев, 65/47 корпус 1",1962,80,4,5,3506.1,55.700679,37.765426
923,"5-й донской проезд, 21 корпус 4",1957,16,2,4,1415.2,55.702957,37.593345
924,"шокальского проезд, 2",1978,190,4,12,9502.0,55.872233,37.647944
925,"ул. амурская, 28",1966,80,4,5,3547.1,55.811412,37.776511
926,"ул. ватутина, 11",2007,125,1,22,9556.0,55.720809,37.453908
927,"ул. раменки, 20",2008,262,3,24,24111.7,55.689238,37.487901
928,"ш. варшавское, 158 корпус 1",1982,431,7,16,23679.6,55.585189,37.596049
929,"ул. медиков, 15",1968,216,6,9,10643.3,55.633516,37.683473
930,"ул. островитянова, 5 корпус 1",2003,272,4,17,15163.0,55.645807,37.493587
931,"ул. барышиха, 6",1995,165,8,9,10226.0,55.840705,37.366565
932,"сумской проезд, 15 корпус 2",1969,287,8,9,14171.0,55.632565,37.597073
933,"петровско-разумовский проезд, 13 корпус 2",1956,15,1,4,971.0,55.796754,37.567455
934,"ул. гостиничная, 10а",1961,58,3,5,2506.0,55.84675,37.582493
935,"ш. дмитровское, 165д корпус 5",2008,260,5,14,14506.0,55.923337,37.541054
936,"ул. кравченко, 20",1960,80,4,5,3493.0,55.679818,37.515057
937,"ул. веерная, 42 корпус 1",1974,98,1,14,4282.5,55.713725,37.485511
938,"ул. авиаконструктора сухого, 2 корпус 1",2017,757,6,24,63018.2,55.786313,37.542428
939,"ул. ефремова, 22",1929,40,1,5,3121.0,55.722091,37.56777
940,"ул. адмирала руднева, 16",2003,139,5,9,7211.0,55.539864,37.519395
941,"филипповский пер., 16",1908,11,1,5,1218.0,55.749532,37.598771
942,"ул. авиамоторная, 9",1985,125,2,16,6366.0,55.761725,37.712165
943,"ул. 1-я останкинская, 37/41",1961,40,2,5,1569.0,55.824693,37.62828
944,"ул. 2-я прядильная, 6",1968,80,1,12,3513.2,55.795368,37.778389
945,"ш. коровинское, 4 корпус 4",1964,119,6,5,5141.8,55.868874,37.54135
946,"пр-кт андропова, 35 корпус 2",1985,71,2,9,4094.6,55.673793,37.66804
947,"пр-кт ленинский, 78",1957,172,6,8,12173.0,55.682529,37.535996
948,"ул. 15-я парковая, 46 корпус 7",1964,80,4,5,3568.4,55.808053,37.824194
949,"ул. генерала белобородова, 21",2001,141,6,10,12237.8,55.835397,37.358929
950,"ул. дубнинская, 4 корпус 1",1971,354,10,9,16677.8,55.858614,37.56883
951,"ул. ельнинская, 20 корпус 2",2007,838,6,17,22103.8,55.739858,37.421874
952,"маршала рокоссовского б-р, 3",1960,74,4,5,3203.0,55.808933,37.726116
953,"пр-кт маршала жукова, 66",1961,80,4,5,3400.0,55.779231,37.457367
954,"ул. мусы джалиля, 30 корпус 1",1976,255,4,16,16279.5,55.619533,37.741252
955,"ул. фабрициуса, 33 корпус 4",1965,72,4,5,3354.0,55.842165,37.429474
956,"большой девятинский пер., 4",1935,63,6,5,3492.6,55.75549,37.582098
957,"ул. кухмистерова, 20",1974,144,4,9,7077.3,55.683574,37.729718
958,"ул. челябинская, 18 корпус 1",1976,98,1,14,4269.0,55.777251,37.830159
959,"кутузовский проезд, 4 корпус 3",1936,63,3,7,2298.0,55.740446,37.52492
960,"ул. крылатские холмы, 30 корпус 4",1986,407,6,17,25817.0,55.767615,37.41175
961,"ул. октябрьская, 68",1961,60,3,5,2560.0,55.798222,37.613413
962,"пр-кт мира, 7 строение 1",1917,41,2,8,2406.8,55.774973,37.631909
963,"ул. новаторов, 14 корпус 1",1972,111,1,18,5772.0,55.667518,37.523106
964,"ул. 16-я парковая, 29 корпус 2",1966,80,4,5,3542.0,55.802255,37.828066
965,"ул. куусинена, 6 корпус 6",1958,58,4,5,2466.0,55.781448,37.517213
966,"пр-кт севастопольский, 44 корпус 2",1962,80,4,5,3533.6,55.654569,37.567312
967,"ул. академика семенова, 15 корпус 1",2000,30,2,4,1408.0,55.541097,37.506154
968,"ул. черное озеро, 8",1948,8,2,2,472.3,55.715707,37.859956
969,"ул. тихвинская, 7",1914,36,3,5,1948.0,55.786774,37.600783
970,"ул. ярцевская, 28",2009,192,3,17,10786.3,55.739235,37.415999
971,"ул. шоссейная, 20",1975,125,2,9,6127.0,55.687832,37.722235
972,"ул. большая семеновская, 21",1963,89,3,8,3976.0,55.782592,37.706856
973,"ул. подмосковная, 1/6",1956,48,3,5,3355.0,55.830392,37.455211
974,"филевский б-р, 12",1981,427,9,12,24448.0,55.764891,37.485583
975,"ул. мосфильмовская, 28",1958,54,4,5,2882.0,55.721326,37.52342
976,"ул. генерала белова, 53 корпус 3",1977,72,2,9,2249.0,55.605119,37.728164
977,"1-й хорошевский проезд, 10 корпус 2",1944,47,4,4,2372.0,55.776416,37.545932
978,"ул. яхромская, 2",1958,56,3,5,3711.0,55.882555,37.539976
979,"ул. паромная, 3",1985,248,5,14,12242.5,55.639527,37.761015
980,"ул. 800-летия москвы, 2 корпус 2",1979,95,2,12,4970.0,55.875395,37.532691
981,"ул. волочаевская, 20 корпус 1",1983,250,4,16,12802.0,55.754446,37.677517
982,"ул. ефремова, 23",1958,30,2,5,1608.0,55.721128,37.567087
983,"ул. новочеремушкинская, 50 корпус 3",1995,450,7,17,25528.4,55.672174,37.564293
984,"п. внуковское, ул. анны ахматовой, 8",2014,299,1,25,16582.4,55.637586,37.333399
985,"ул. 6-я кожуховская, 17",1970,80,1,12,3470.4,55.707334,37.674499
986,"пр-кт севастопольский, 69",1964,80,4,5,3501.0,55.658642,37.575073
987,"ул. маршала захарова, 14 корпус 1",1984,128,2,17,8136.3,55.621999,37.698879
988,"ул. старая басманная, 10 строение 5",1840,8,1,3,704.0,55.764252,37.659955
989,"ул. гарибальди, 17 корпус 1",1960,60,3,5,2511.1,55.673189,37.547926
990,"ул. 2-я пугачевская, 14 корпус 3",1967,96,1,12,2095.8,55.791106,37.726017
991,"ул. 3-я владимирская, 25 корпус 4",1967,80,4,5,3509.2,55.755743,37.792528
992,"ул. верхняя сыромятническая, 2",1969,288,6,13,16236.0,55.754284,37.659353
993,"россошанский проезд, 2 корпус 1",1975,191,4,12,8649.4,55.601956,37.607646
994,"маевки первой аллея, 11 корпус 2",1959,36,3,4,1176.4,55.725534,37.796445
995,"ул. мантулинская, 9 корпус 1",2019,167,5,20,6544.7,55.754714,37.546255
996,"ул. озерная, 25",1973,294,3,14,12714.6,55.67556,37.45354
997,"ул. алабяна, 11",1970,112,1,14,5408.4,55.800246,37.506648
998,"ул. алтайская, 26",1968,360,10,9,16340.9,55.819828,37.822262
999,"1-й нижний михайловский проезд, 16",1974,144,4,9,7042.5,55.706842,37.613449
